_KEY,ORA_HASHES,TIDB_HASHES
2000002,93850948f5593246f01ae47010d9c839,52b291b960fad7047a903567f64996ea
2001496,c4ff7d3b6d26af5310c763187ecc7fba,d45f20163e21ddfeb6446aa9fbf4cadc
2002545,9baf9b1c4537937b9dfb6d0c08ff54c9,f6eccbeae6f285029dba93980a3cc63c
2003639,3e83130c1cd6f1857b61a0d108247c97,83ef8e878bed84d6a6a9ef8fc0a2747b
2003640,b9e96741b0bd11f93d058f991cefe158,6eed44e8575a2b2d84deac3bf342e411
2003641,75dda58f075cbee5c881a1c575086c54,317d808406f521ece44f40f4f6ea261c
2003642,5998f9a7cb196cd360038760d2de370f,846e241ccd16b901bdedf54e73a727bb
2003647,f55f8ff1ffaec7676f7fb65e43904fba,24925e63d6b6bb0ab05fac7ea1d511ba
2003648,a4464a8591237203aa989ad99b99290d,a237bac7dbd832c13ccfd484298fae46
2003649,e12c809631db46055296e5d14269274d,33bf86e8282daf96e51bf774ec7c5b4a
2003658,1fd07b269494be22646ecce829c159dc,dfde8cfbb719e61837f364a8fdbe9c93
2003659,5b82a450d2fb5325840c4fbe42a5976c,0ba88784908b3f7fc2e29d3f7f02ff0e
2003660,61d0802153732a134bdb0bef12badb94|c5857f95d0ed475f944075cde42bb2fc|c76b1d51e3432a7f7f6f43320ba2f452|ebb28893a523fea78fb8a1474c391961|fb6c916e6d97a151a7cfd865ac5e5a6f,01892d973e7511a3b6005ec97fc1f37f|58ea79738702996da81016e50c626e15|dfe9da78355a8e8faab1144dddf9425a|e412534c7ca9987a2bd979aa3de670a2|f9ee98e8b546918cce7b9d64714b0d5c
2003661,722fdf396084a7bc9f65cf1fd844b6e4,69f7c671cc457946f676f43d34f3c444
2003675,fb08904bc0b88f99b0a2dadd6c7b0eed,c53fb3fd94ad0b78172b802f4333f53d
2003677,95986be2a29bd66cf64f27cd8bb2b183,b73ef071575ba4cbef376112bb350389
2003691,1b33532c3598582302932edb31395319,3d45c0644be8ea807275c0a007e30a12
2003694,fa335ea5c0bb44179224b0e1f833e863,8aafd3e435db4289b0c25012510e36c1
2003698,91d03cc36fe0205fa29514cbd5aaccaa,4357f2a8a6b38c1a203100fb348888d4
2003742,85acc4e545f4dadad6e1708a09198a50,c926ecafbc2b98564a8b3ad5a3c8751d
2003744,b040c2665d3a35f2924bb2f74771e64e,f3dc2c0566fc2628f6c36886d0902896
2003876,a800871fc2e442fdb3793a55e1b8332f,05519790a584ca3bbcdcac324291187d
2006363,f5ddee872dcce6178192d52a5e4a0ba4,1430138039ebdf71869383b9c7838d45
2006364,bc71da01be705d1aaf0cd0294b56cd95,c3a327001a52c945620c78bceefaa157
2006365,43a58268ae0955e2beff941a64f281ba,db56f76d8adf4dba0f66777f0df1779e
2014009,69ed315cb0647758dcb9b71bf48d338d,7d4e439b48e521716c1f46f5c5e09b86
2015766,5857b2fa840491c2c3f54b968b99c305,a2e6722a1f144e97a29652ae8e01ecff
2016902,e340e34a24cc52b70b80cc3a78391c84,2b184ad57c1bd7f072bcd4e28adcc7d0
2016905,040c70b355e868dfa2e3b993418d6fce,ea4595d3fcae1ab1b6984dfece25c339
2016912,48b33b3e099c86e9b6e5e9cf01a96527,456485b15ef7ba2e472d61ec05293f52
2016913,733ad949605e5c83c4bd28c2fe8a04b2,2d3a4c50b5a38ade48294e3da993a6c1
2021122,304c68510866ffb0d767bcd69010fc64,649967239533c727a2648ddfe5b39157
2023996,af417ab66eb502a8326b23c6998a76d4,07ca5494d7c8da78b8fa99716a5ca165
2025540,6914d02736e463cf2601e92d35f78470,477b6c86e3f0fa568f438230643ea815
2025567,bc90b7c9cc7f1de260eacd4ff6f64970,724fde259f87605c006088e4a8806aab
2026896,028977b6f264cff860f98096953ff4c5,1f2d69bddd18b13fe504fc6c5497f1a5
2028829,ca823e0afb518c71bde938aa8404572d,9ea48b3b5672204ef8d761726e8afd09
2042966,b5f7022177d4e819a56eaa1c80d86c8a,63eb2b602397d5390b193a7bc62a3beb
2043289,96e5e677a2f5eb44b28a341f2d5019a5,0bd2c287897d4da5b60664d1609434e0
2054448,8917a9d38d3e298f766f466be9965584,8d13d9fa41605c5121cc915c454f4a29
2054931,259cbad06d4dca0306d90e44df5687c8,cbc02968f7761d979a8bc72ab2c92932
2055622,b7ea7693ecb8a545169fd8a50d10240a,c12fdd48fbae9e9c6c32e656236ef8b3
2058216,65bac30ea7fc44cff5e8235b14ff1b7f,c0605ebba62e848195166172008b3649
2069338,7348d9add6a0e4ed39b83933558177c8,555cee1f5cb497cd72684548496c6cce
2070587,0097a8e2b4366d1f3999747b93e01218,12f20bd71271dbdc2aaa8047f1efdde9
2073378,c99a8a54c7a9838d2359e875e3811022,f2cb3bca7483bf0cd0df59c3e9bba9cd
2074102,7099bbed5e45a59de64eca61d60b7bbd,a3f61308173a54f646ee8cf73236b19b
2075051,d88546a287239d95b2b2b80613f21ccd,bfb6f02561fe61c955fb3e27f616e9d9
2075793,868fecccd6783992dec5832e002c3c14,96a5de9e5a8c996e1232fe0f38c9e5b1
2088830,5eeb61059bfa8afc0d7832ae7c6b6ebd,e1ea5d60897edb7b07f62bf0af752cc8
2100486,7d4f51769c285ae629dc4db59543e045,ee3ea2aedb5e6ee4fc06cd17efa64aa5
2100636,1422d62793f4538da4239b7d885ebff2,967b1c1c37e591545d3e1dd2e2fc7f76
2103294,63ee72cdb57ef6ad351b2f305dbbd931,d6097ad4f5e36e9698a7cc22a3634f55
2103461,68a1cafea428a3744684741e54f20c55,e602748abbb6654898fcf0f1b34e36ee
2103520,d214334c4a1f552ccfed665a6a0d663a,15ef95b57e3920f683b00baac891a594
2106169,b600df3a56706f96cfae20bed965b6e3,5b8a1c263af522a8740e098ff5d6f182
2106503,d46a1acb9cd90f1d3772377eafb24553,d8de3eb5853f504b9349430439120bd9
2106785,3c2988bc6246663f905f812a1ee28ad8,d8b1c95cc5abae77c01d7d7837db836b
2114248,74a7be034698e28d0bf5983219902157,c976253aead018209c2b5e2fd35aba6f
2120383,47f4b4cfe4bc31d71071ad6f3dd3f29f,aac9fc8c082ce4420895b9beea5b1669
2121143,3d5cfcdf9b61757160be0adbfd9fe596,ac1bdd4106f71b6d23305a378b65c101
2121294,8d775adcf4a5de672583bbb88c0a1b56,ea68b7b7bf107d870fab2aa5eb8baed3
2131961,6a899dad18b8d3989b912f57f0498437,5fefaa085ccc062b68422ff5b65c51e8
2136587,6f89ef7f6a28a30a1e52e5c1f0ee9f96,3a8e2c9c6e82b2ba194c06a647b61894
2139318,932974663914ce5df07a7cb1c292aeac,75ca22cdcf3f50f0cc21854fa7dd834e
2139333,123b48430cbb8e1113c0d333f13974c4,cf79ac0ec2d79fec4e9663336df88484
2142525,cdb36bf7cbe008117c75f25ae4f098a1,202f36f63ddd837c3871bc27f3cb8d77
2143287,6824b3cb821838bbdd229f17b15fda7b,931bcba80aec8664646c5ba7780646e9
2144948,e51bf640979495469d8e7e2f8631af75,531adadb8369b2faf8bc10a6f4f20143
2145989,4c81d733a46691932f4fbba6694fb891,ec26441aa290f3ef4d8049f08926a85c
2146436,9e864e6c38a2841513dbff3ce7c611ef,a7358cc8f9a303d9b11d5400633c207a
2152861,7ecf1aa86b04f5623e619de35343b8a4,512f89acc33d357109b5f6e2ca9bf5b5
2154191,9113eeb282108a834937e59aa3419373,d0ddb466807c6ee279c49be897a6c2af
2158439,e4a659da21d8938c8ee2ba9d3d8676b5,4f2c8c7b192e8052bc43b360ecfe4ef8
2166158,f4023c2040e6fe34ed0d3b7ede69d415,5de7711b5f984384c15b22092477dbf4
2166783,acf3a7cb418645e90d19c86eff8661bc,a7b9802503554a502dba08d54df3491d
2168233,caf00959d00f3ecfc592d48e1f9435b4,11adb165b0193902cf220c39a590fa16
2168350,e2564e525f9910cd7abe3f425c5bdda3,6cadbc302528d99bf237fce303c94856
2171272,961f2afc8d8a766b89d4f2b7a3766794,3a2ddcdfa0f6f634b65a9a0e95b7498f
2175378,2b35bd15cece2c448ee7ef7f4c2fd8df,85f14807557544290dbcfb9fe040f5fd
2175564,312529bec351c63e0bebdf3abd239b74,092980cf2a77dcb1bc1733ee95576304
2185135,e97bd739b6632330c0be3030a99e65e4,f3c39f8fd56171dd3b84d77cdda78f0a
2185444,212c4c1d2cb13b9dd40d1c5f65148e75,01519da1de484c7668ca42b242d1daae
2186242,ac3e63ef393796fcbcbcd976f896c520,81707b85c343a27d24f51b819e5e08bc
2195072,be4ac4a476bb1edbe59b102caf8a9259,e2227cccfb1e413f2008ffcd0dac414b
2199086,a5170fd78f08c39bd99bcc1da2fd0abc,91f7bf6cdbf00091a1f699d216023ad9
2199162,5380450f5bba7ab03d4510d2b4b3f567,83fc763ff9eec60bf9f7000f30099af5
2203944,46a805d496608b5dd4d63278962b855f,84bd8aad3da043fafc72c8fad2cbfa95
2205032,ca08cfa78666e66545a1a32a5e446410,33099f7b115882ae1f7c590074462265
2205062,3950d89c32fb2521898223f0b1b4b798,ba1ebd2343f187ddcc813d8bf2c07ad9
2207385,21c72c8c1b53428d84a85ff4fee73e99,f5700132509608035b83d23b722cc3e8
2211817,fee77c6f83295ada415610767a37e69e,d4c5a14cfeed3c2fe36bea47c3ec6144
2215203,e1f2f69eef0ecc83f155f8e441687bc5,498ad50895b8eab6c6634afcae42cd1a
2219665,3f852d40194dd75b19c7c4a38ca1a061,76e809bcc095b5332461f955c4acf195
2219997,69a2251696cf963b7e446a902fe005ab,1fcbe3fa57be277cfd724f453cd758a1
2224417,d1d4b42d98f87fbd13485f0129d3692a,1f84eb24b26c2ead4b695b920b906641
2225583,97b703c32742ffd6f20fedcbc1bf73ad,14a3998e842c0147cba267d99b902097
2227786,0deec77528f82de7b75c7ddf9162075a,124731a2d584f5b6cbfe3231ba16e30b
2229060,a76f4e21ad48e17d39096192049d6d84,f39d4c974a189478f7e897673e7ab35c
2229110,7ff1d5cea5eb3e603e78c349052b3161,b583e777e256944b925e4aeafa395240
2233741,5ab0dcc5b83c57fd5e1fc92e91572dc4,fbd8e239607ad34822c83ff1eec8b96f
2237119,f0e4e7a3dd18508e3483be11d876af0a,f7004d68f7377bfa2fcadbcdeb1151bf
2237235,43738c9b48e9f9d1fe6ea1ffb49f46cc,c6bcd99d51e23e3735c5b077fff65fc6
2239363,ac49918724a7a6410c46b789f7e83901,6a1310083f016b9d2b18441f4c572b25
2240694,ede6c54cb1c64039e2baa8c3791bdcf5,a24ca49d23cac36e405d81b117594790
2242223,a78fb548a8ffed78425fd3f8ee3a72b7,c2e32936908ef8648269b322dac8cff1
2242742,f6da003f3ea6f3c38aad27f4edc83d10,6dab28d0132a7eb923e26ee12deb27f7
2253558,a38c6f3eeb9d5be01b377b84088e6be2,7f25a7f30957f209048e0fb77fbee698
2258342,4eec34512ae4e12fd75cd0bb0d351be0,33cbf757a8d903f08bf92980f2c14df9
2261671,ddf8952ddcc64a74b24ee69a4433c20c,9dff1215d309a68890756b6bac0a3a54
2261727,fb67f01b4ed459d090f01eda1189ce77,3f5a3dbadd9bf644c4a6efda68f7c128
2262705,885a1e652f3e02bf0f3164a1eda07809,bb0392e40530ab5ceaf98a1518b04637
2263752,0991664a3c464e988b0d1ff350ab9694,0e0ebbd1cac5b540345d11ae4ead6aec
2265249,f33ce8d65f9d0591a5130ecc1b7d3e2e,d9609f72d938892084647f314b472eb3
2270143,51c79261252a95c952413a63df10ccd1,b91a4700c4fe6d76596a49fe559f60c5
2272670,992883fc0e00c2cd63a721ad19d71100,8bcd138b2bc6f8ff7bd3cd6591993464
2278544,6ae4202cc7b61335a355f646ebba505d,3d8b4813477b7a493d36b66e6ca9d824
2285578,d2d82ad63e030e89e31c182038b8e4c7,f8cc1184cf31dc0bde2644a014ec5de9
2286759,4445d4fb2978c580901aafc8f5d1c980,0a78ac85ba43d63675ee6af49b511768
2291484,5cc1d72645c3cd37a6e7858263978c32,cbc881b1b7fb83d00473f125766ec4d3
2292389,f8fcac676b37e4a20afc3bf30ecd7210,b486a5899047a5aba0a088b77d6aa0d5
2294055,7eb7428b53af21386c3083ea44362ed2,679ef72f51059f2fb471d5e5d6e732aa
2294961,f1591f24d39f6eaad17015d86aa5a2d5,9ae49f0bbee6cc7efb47cc92d8e10606
2299678,2c37881df8cc49a650458f5f2e0c35c5,b56c92523e1d112c1a0f6553b23848b5
2302164,fee83c3ef9d6c073b6916b9fb6f4b4a5,247c9c0062b1f8dc7c91d8288c1a32ca
2303358,f5d6eda4ee6f47c711927e328b075e76,6e8498df84e06310bbedca6bb9c9e5a0
2303432,6941cb299d7b5994748e4d6a896f6e7e,45bf011989c4eb446e2406702bf5c498
2307963,62eabf3bffd386c50dcc602c675d4f9f,0dbd7cdf68ee10ee3c7b634bb4246423
2313224,fcd32452251eda91e15201c1c8d59afe,93d9394f43f902db69e7bf7d5a08d42e
2318248,2c54b2ed73d9fd60487bf1ea7428c7da,88239e39740ab084b96741cb1a9e22a1
2324447,5cda488fcda981c44cb63632176361f4,767e94ab8ca70506d30b979e6decfe1d
2325442,401ae787284959693938b730fcd3a163,50af687280a35ca0b9bef782e4e0b470
2326696,330eb89e5d3d13edc49e2e2c3269f592,a59224a8eb88f7a62d537aae553d03e7
2327210,2baeb70518082b90c042b225e7d41334,55e1f78f58797eb01a03f9325b1624e4
2327685,fec367d7bb4babb915867c4e3253e4df,eac659e7b6b41310ceac1fe36c04b645
2331918,57a054acd894c9af05a4a6a5e1e3389f,6e8fa73b726e48b2d0357a3929cd5e48
2332152,8194d91a914f0568fea1ec4bfa57c03d,80193a9ebfd1c527d6d9de96640ba858
2335874,a928dccc8091b7bda04c2cc3db26d3a0,1b0476f1d3b50daea8feac3522bb26d8
2344414,144edc7e05e733b9c4bc5ca239a0cd06,afe4aee08dd81fae05db239fe17fff09
2345809,5682b59f9b6d86eb1fc906a65d8245cf,8eaafa798e931c8e0c845c74d4eebdfc
2346667,2e00403c436cf1b80b6c1cba9d5aaab2,573ce5d2006a248ee652d82891dee417
2348485,7d1266ab8c4acf10d7ebe791ae020902,ad5bf54940abd326995ce3c21ad0cddf
2351315,d4afb4908f1fd22749af2a6f1784d961,16aba2f111eaa154484331a5120ad69b
2352690,3770916036b773dcf4a114ef1af485e7,a606a3f9f1d70e7802370a920d0738c6
2354995,0a234852428467ee2fda8988cb8fd10f,35d044fdc218aedd55eed6ca57d06fb3
2357112,7a55fdab8d9849f9e7959a8aa7faa8b9,902abd431c7cbd7564a876d244656633
2360452,93c1c078517ce40d2533ef5cd5a52f96,839faf0db288206085afa4aacfba0ba6
2366797,4d882a16cfa2074bc7dbaefec88a2e16,b8baa94f101c6c74eaf55ebc7c39741a
2370753,af8caef7299b880c807c7cc3cf099e4b,2d87848080476ede6a2a67462a90fbaa
2372101,1c9e22ac6e3632ab39b705442390f4b9,2224618d2a434f494eac15ea1d904272
2376978,23a3f7fbe80f977c9517247effc1081c,9f4a3c48fdf5fc576a5c7dc6aa7b80ae
2378946,cee9b1dd75f5208a3d52e70fea60ee4b,61d4e5a31d220f82ece374ab56cff9c5
2380702,1d21b83fa340e8bd4f538eacf0c3c9fc,b85ba55745795950918ecd2f318ae806
2384430,e9f398360dc80049cf1d510a32b6724b,210e23513386c8117bb1872fe7444e18
2389635,81ce8a027c6d9cee5eadb44a378dc4d4,c70c54c4be11279b139be15d954871bd
2391470,9688787e9bac5236613d8b3bb62007f4,ec11677301eb58cdac76b42d968ed1b1
2391471,fae51deb9be83fe44edce81ecef10d7a,63f30c800a0a1ccf90e55bfdcf924149
2392444,ec68eccc4e211f948b5f2d31a806be69,87792214bcb2708208a50d5a0cf719e5
2392445,d254163f8637cf86ab85547be16ce06b,fec11fb1936aa18dc7c82c05ea4b56da
2392448,70b2998cdf6b7610c27042d4468a2e67,00f9c970c74e5fc9eb1f017520c2c5f7
2392458,1d915e6b36f6ee70670cbfb56bd37305,541aa44affaccc0d8d6b6435d69b695a
2392460,46e0ba8e61bbf41d0e9c9fbc8de63a04,6f97694e6df58779e8e14aecb5feb515
2392463,7e94149b337d8d03965ccf5dc2be3b1c,6a856575b3e528d0059ae5f0b66b4b09
2393618,0a533f4989bdfb1831a7345b37ce7ac4,7e5b5f50c83af8dda6b4659d0c8e705f
2398534,29a77557ffeceba8690904180b3477b1,c714dd61a3facc02d901b3f21a7d747c
2411027,e5c660ad9560f3ed2d042cea15398c51,fb25d36b04b77b2172253e8551a3c362
2417822,7403e74375f08b5fbf8343605772bb4b,cc9ad77d0fb62c03727423bd0fad3c0a
2417963,01db47da64c0be55258c3b0f580a4034,eddb9189548780acf4139f70c083d272
2418752,8f7955534c1f082e35b382703e166171,e97d239329af4835bd0de11acd42d8f2
2423878,0028f94a6a229dd0ad81c82419095247,7e618c9d18abfd42c436002b7beb8724
2427438,089f45d6cd7e7d7ff42ebf538cb3a850,ca63854f5f38df046adcb60c7ad3beb3
2429201,d16a665816591b359fbcd0c6fc1c2474,964dad18739c83c7c2b37ea910a90b7a
2429202,d8fa39e63d107a298d5688588bc6cf50,52bb1761ca9406252a2db362f896f308
2429203,017cada2c6e06a6df17dec5c91949f84,370c28d22339e85a326c5ea3c2027372
2429204,60c3617fa9ed4fcd13711d52905d2236,2aa4cab90312b4cddddcb15bd58d3360
2429205,aaf69ccd2835b7039b25c2e77add6374,1cc21a1bd2dd6770eb0692943e977788
2429210,b9365cd0586554d14ed0032fd7337c8c,92c2c8f05189afa001a11b0318da1a73
2429215,d0ba029adc91fcef3d1a93981dead960,876d89b05234de965c7f9814de9f1e8c
2429242,59c44f3bc5a5f954085315adf5c813d5,f27d89aa8be1553b84de568e3b0d4736
2436034,edba1fd7e67a4a9a9d87c2d20c9f2bfc,8b2564516a6e8c9c72a4f2e1d82f33a7
2439380,ddfaf61834960bd70d090a0997e836e5,ab55c46771095d7a8ee33a3f7298eafb
2440461,c9647445a50e9401bea4b681a6b06b3f,fae1346541e26ceec13c9408f43cd3d5
2440723,732493bcd76dfe15b9f2e736dc127a67,50e0a1f25035d23808f7ae12ea439a80
2446282,5bb72e883cb78ceb7ab69d6aa288333a,c25790fae18bc28b2f72292988591de6
2449629,41f00c1828a61812e9a0f88e666d012e,eb53484bcaf89d416fc85eb0850096a7
2461528,aa05f12796551040c66a97bfaf6563d1,f01b04fb386c7941f07d6ed74f69dbe8
2465992,e541224ababbfefc3435e3ec24a0812f,f2083f8d479e99c6c2064659d2f7cb93
2468543,74f68d795a41231dda9657ac52f363e3,4ce9fb20c277563d583e297766640dce
2473887,a9c412c7b4564af35c62385e32498d2f,3fd09ef5f3ebaa20d396722572c75e3b
2476524,a5d134ca5b1f216d5dbb866dab5b0cde,3e4118292a4a109a8a620dc84ffd3c9b
2477438,4f164e9d76cd6398948b44cd5109ad7c,d49d26ce754c6a44c56c28a241c171f2
2478422,807710b0eb6fa2f11ecdaf4d7cce4220,fdde3c1db784bb255f7d5a53782c06ab
2479043,c993cb128e983e9128198ad02440337e,eb2f0145323925a68a62724b0187ee17
2479161,a2067869c1ca0e933b521705e25d8669,db768c6e1e79c70eda84e5403cbc4d76
2481157,3598443f51b28663c28fcc67cb8ff071,2e830edfffb99195f01ab456e2aa9e25
2481871,7ca7554df2213e84177a72e201d3160f,5e22728d8a223839621d3f51f692bb0b
2482426,0e10d118de75b1bc8bbfb6dc10bc8fdb,236ed5ba3bfc86e798fb9c1a0abe7464
2484081,511bcabad2f91ecce1c2c7534e074faf,9cf1b38d2091bb8f834562601019754d
2484723,fa1b3d69a61e64588fd129069c479a2a,dd96d938b578528c87fc0128a1ad37ef
2492604,420d66090c8f604c8c04cabfcf4c68f9,d819648518fcc69690c710e1baf544f4
2494270,9a74acaedd3cb747efeda14d7c7b0a6c,ad8695acf3fb7abb34e165bfd809f059
2494698,eb8de1c9fcab8cbd8b6822605d2a6c5a,7e71725edf13316c3441aa8930e2fa63
2494999,fe5a62d197f36fd88538c9236ede217c,45b212d43f86101ec566025cda0fb6f5
2496282,62bbd2529e386fac5b8d02c05005d9a6,67cd578045d2448d39d8b3c55983cc87
2500163,1183636ed281166133f725d93ca815e2,875410493adc6b9eb78fdf99bded8dc7
2504271,9d160ad213d3afa5a1da0dd6ba0f8a52,e20a08eca2c6b8775f535ad62b26114e
2504516,4f9d93eded0527723d7dc3c4ac6ba1cb,c27d9b550db3fb454b6bf730f0b90814
2507312,0553fe2af2f681ed86566fe36a707441,a5b7ee954a5fa77f62a6d770c92d0b98
2516638,1882d7fee32cbdc26017e5f758ed00e8,639d0798d31b21e8061fc5fb611c423c
2522473,b691b940ef513283baed88a1a163604e,20fa816f63d7e5ca16dacf95db606d80
2524383,99ece4eb8bc532c6241141ba744b3da3,d4cf2484040cd312dbec56f23b1dca11
2528822,4b4032bb199845677e2c09f823fb35f3,175f39abefcd0938200ffb7431827d53
2530721,a3ed369be1eedc35a40da26d0bedfd5a,ebf10b87f43ef88acab7067ea4b70d48
2534740,6acb7eb78e66929b6efa61187601631b,01413805223eb9e88ce20973af9889d8
2534791,794a74713915e6753bc8820aed40d274,d5ae6ff8f36982e29e6709250e7ddc04
2536385,b5460baa172cb18485014de640d52c76,3a3e55230257f88e9627eb03aa3db399
2538996,eac45b9314ea2f74e8129fff8513f686,7f99ba885dfca75e458a47cc785fbaca
2542158,d1079e44c4e5702766ea04398bf38d5e,685b268b6a6f35918fcf8af4bea60392
2544271,8bd95b737debff06a2bc6c6a567b674f,8bdcce7364a79a2f23feb7e5c6b79f8a
2545602,7d72d9ecd6b131fc064489e1ad54e0c8,44e28765001f10ed551093adaa561649
2546803,137f550ce345a46bdfe5680f69fdc2f5,df6beba32181bb924c7c3118ce1a8dd3
2560328,8fa33f3e4d30bcdcfe5d19b8ec512b9a,bae554ca362d078d2ee16b8059994f71
2564111,b3e56c4991cda4e2d7ca257f882fc2c7,04ad1baf6dc7c1d94086be686c951e3c
2567582,5f7178b49508302d687c6596d12acfc6,bb321a80aac5d5a4eff6774499a6a2a2
2570711,9a3aac97e26537782e6413d17eaaf808,b07ddac8c3bbb3d52bb416adaa422961
2572383,0c663c6409712190491c442f6d0828af,0cc0ac8f521ec37be073c69c4a0be124
2573076,fca1ac8a7a1a2b765162f90ee8cacfea,f0f9abaf512911fb8ba247115101ea08
2573389,93567e4fa6df7d1229ff64ac42c54a9b,2bbf76618155a827358c7a6acf54de79
2576996,b474b9089f6be8bd5de4ed0549faf316,304de70c737de1871bdf9a9e8be56870
2579123,6123c80f71ac34023a26ed4b3acf8347,a7c5f436e054222db808a1032d00260a
2594365,ed2daed38a7f9356eddb8b87245a4852,400e43760f1582dfd40136c20f46b33d
2601249,c8be0d23bbbdcf89d2de08accc0dc5c1,f96a3b3a8f59e8a5f11087a88a3c4bcb
2601515,f277bf5871b24c2ac428579e3e774f5a,8d7738867f58564f772dfdc5b447f90f
2603736,95a8c94cdf25e8a0928405281151e34c,19fb4f2b9170810e3deea736d5162c2a
2605563,dc517d0ad22cd70b31634b7c757b41cb,161771780704b328a782f4d2dfc4d66d
2611940,b406df9833a701b43adbaee90c97862b,dd565b5adac5d225e20d799522e122c3
2617265,f5b7a77f7e0f78c0ad6120bf7cafa5c0,69ef402d21e28cea84a36f03813313e7
2622537,94e99989cb51474f5e5ef09c35db6789,cf99015a37452044130797a7ee8b8b76
2623440,f84f5b346d616a4518da9bc16ca39438,33f16f5225cefa2721c249c8aaaf734f
2623623,7a64d3e871fa79d722800b5b255dc579,82f963ae71d95704731c3f4b7b3623bb
2627580,260acc74ed26de9e4eefd42be327d0a0,fc200c95bdce9800f306b81f88de2338
2627646,8b70d9b41106b37463e658ef181fa8a2,20cf4c1e71e62f8d10595ca0071b2fba
2630317,ae180613d1aeec9a2c439030c2afe5cc,75d3abab3c56342aee950dc1586dd482
2633117,40294ed241fe956247a100a2d2b66173,4f4341820c029a3dc652b43f7dc97826
2636289,b6c66fccabb84bf1e4b4790da18647c1,fbdd1f11ee4979079a6df0f8d9ea258f
2638193,3563f388a6360705b83a62924427454c,dff61702fdaac97ca675b55de5bf199a
2641379,9afb1a35741890d63485d2eb8e5a7e10,b6cb7d1fd49339062e4494e1bce7a81d
2655385,2199b14cfa29b305d0da237eec04e111,9888378fb860484ae621a17409f87d92
2656886,2c1234bb24a173bbaedef763f66c6d00,b39311279ac37cd8378edb318b49d30e
2660265,ac3482a08f2944213b91b023b687e665,7e5ae7b045b5ba2afc26bceba94d8888
2663317,50c6591ba42e2f7b29d0c8f5f5574a1b,7da96ac23b1297dbde947ad4276b74bf
2663678,bf03b6835413c9107dab370e3025da4d,a367e18e0b69125ddac7d1d87e709352
2674668,f8dcbfa912ed3fcdb94f09c210d5e21d,8420d89b906c429d7d76f746887abf1b
2675277,57f8fc672cf7c8d21499d689c2b39963,4c14b890aaa1159d70f6917f8010ff54
2678004,a14600e282a831876d71bf2ad6fbcdc2,4547eaca9d4482e92f797d67866d6860
2681317,a0731e4963d109257b2ad0783f5bbe4c,244996f775d943e6e36f1b2d5ad53a4e
2690643,8e75080eb741cec40a20350569f431ef,a6743e14f66d9a223e16dfa77e8f5fe9
2698185,af546918ecff6d7f458615be57b2a30d,35530707f9733dd1e6ab177b49ee3b86
2700385,6471187f3ae4293635557100d0c6d780,8d89478747dc50d36c69c073ab5475f4
2701884,d8fd94b11d450be32bba476cd7e40699,6f987f4165f30a00c7b5e57500a169b5
2703018,2cad379603ddfa58302cfcfdce5b1c90,c3a484529ab59fd19c1b3dbf078c6a47
2703942,b466bd68709ddf625457d71e59da9e35,a9c5add838ee64887dcb919acb287c11
2705487,12adf962852050975426078e604c38d2,fc64d47ecda67a929c33a1f1090e154b
2706310,c67f6e8b52b6c35d34b04b0ee3cb3471,4127927114602fefe21b266a456759ee
2707144,05960822c7018b38e18fe37f1866459a,a19de37779d8d3bea7f65d755c5106b1
2707438,f1339bc4a5a18680dfa3bdd24c1ca306,bf491ce8591c53257407cd5df7ffd001
2714246,14cdb599f95f512227fd05bf3254b3d9,f9fe8b2bc62751a9677f4d477c8d9263
2720298,6c0e63004f54a3839dfbb89dd1227286,638b82e87c30e6a2464b8a1b7608fc90
2729368,2ddd8ef277f0c273ab8334f925c0bfec,0176a0c8c8e024573f29e21a77e7bd71
2735767,c7644189b95f158b1e19bf2de9be1324,56ea971c7d84a53e7ef376efccb055da
2741355,852da86dd401f093e0378a3969fb0f64,75253c93cd98af7cd9679a2c5e9eabb0
2744657,e9df0b4c1b4dbf7fba666446b64cc622,4882da6873b5c200a372db8bdbc9606b
2748288,85cef5d8a81bddcb3501ce2cc0e99e15,2b9f2cd6d0278424c9b2399742634e45
2752654,ae875733c1348bce53730f3b56d51d9e,d108ce565ca76c5ac73ad124f6f00c34
2754535,af3e273a68ee3d41278ffb06cc3bc3b7,48eae499f9c53c9ec1e76beae24b55c6
2760558,36411dc1ee1d17cd5cf104a96f142f15,87a07d1f0549e1c7c75d5a80bfd0e6c7
2761121,fe462f43fdbb04fb95a4222f5d78f5fb,e2d524571f83205172a16491e6516a11
2764216,bf9ff1aa160f6a8e592d99ea14edd751,e6221a78186b1b097f111bc32a6bc34e
2766963,828e1bebe4066da53af480dceab750f9,8a4f847ffe1c0865149490adbf739b97
2767191,f923eedaebbeff215d5e95b204d9ae60,3be1ee15f6c038b33f034fa49b355fab
2767852,987da4ce487bdc2188ba2a9788599f8c,9d11cfe5421a74864572f2ce1c79d7d5
2768630,0585ce8daa00c2d308dacca91002b205,ae2928bff84bc14ad8f1f375851a1e19
2770001,63773e4e3fd0af9be79610e51e1cec29,627600be10d982b444903055f52fe456
2775883,07cbfc635a2b8b5ffb42a04b568bf7e3,5ce747e72af23407060fb72c46a91c00
2776651,939471f0874a58807b1155adec6daa90,bcfef52c193eb4aedee84f490ca7e6bd
2777245,4b7801522adb977ffe85ff05f5ea6275,22d7e230747fb0fed8f0e813ddd6d9d2
2781186,707c52eadf95306e4bc2930d1ff8d8a7,75e7a5dcc40567a4f68acec3eb486a20
2783155,5685105c20f490c38a9c4457a6b0838b,065d4ebf19136309560130c087b0e34e
2785305,6162327fd3c70022234c435e3b800f31,dfb20661a3d20d0eb97debe9b3fb2a91
2789335,d18f4dec58385c55b8bf8660d67a625d,4a9a52077b62821040c676a92caa87f4
2798175,4e73bc03ae54398f3b91b8db8a6ac60e,93aacb1fadd8ed7dbfbb3c08cbfd7b8b
2799534,c0171c69e32d47c36b3c537de5b6d617,a12db5b2250ea941d360a313049d82fc
2804888,c6bd8e7fc843ae0c6d6dbed6f813c013,67ced73e0eeb39e8b367b00c3f08cf3c
2809838,0186342ac0e13692a3be970e1eea4877,e004d4c997040ee8259b4e1e8ce518a3
2810386,eaa2cbab1d322f0470f4d88395db1f9d,e53996f480cfbdea1c714ca90d2e40b6
2819730,e4611bea4f44bb238dd6cd6f27e4dd05,ead6bc8a3acb3a6aea841c13618cfca6
2824627,0469c3cc993f534f1d63f3eccab5067e,460d3abf4b5ab55f42c80aec177b2c59
2827672,c0162c18d7173cd180232003643ded88,7bcb5fcfc10c480b76a2e9fa276e7e21
2828483,09a9d5a59ee499425bb3d14d44e9821d,cee504777249b989b65d8bea6101c340
2829144,73de18e900704238fb1e5d6a8f16c7df,eb77acc395491d8093bd89ff9160883a
2833555,0c4dee2ebb905e04b49dddb4590e83ee,a0cdb8251bfbbbfea2e34b1adf34f2e8
2834565,d734fb65eb44263c2015d384e5b48107,16911a5732abfc75924e505b065943b4
2846472,83055e3c9e3294c9282b898f9f209286,6c235d5d1358fdb652dbc52448c99ad8
2847684,13bc6db7a5f02d7597dcfcbc2eb54e84,fbe086369f1e4149afc82d562a66b4f4
2848418,f4bc2582fafd1b6eee25a030741deb14,b1f7d082e14f99addcb1403064aa93b6
2849080,5c0a8fa3d7553e1cddda505143abda5e,ff13041b76230b421a5451dc09a8913b
2851696,3cc6e19a22634d24927910a4726edbfc,fe3bc0dc5ea2d1ac9e7d7cfb60835c96
2854308,e47bdad02b8605b232c05839ae02d381,c11c6a86eab73cc01000902bc531f0f0
2854534,8a58724867ec7833bb1fdee8f2a4d2fe,c49d9b7ece66b29704d36ef96105d9d8
2862276,efd1216e6977a3ddebf870f1c63e7641,185b6115b18ec25681c4a6d57e8a0c27
2862606,4bea2a63d87908b5ba210031e439a268,5df7b34e8bf7ffd62e0b0a2e47b576c7
2865990,cc9d06242c3377c8aaeb73c811094e4c,df9575ddb506107d452c9b508492ae3f
2866967,1e75c7bb272185bbaacf9d7abb990376,488dafebcd539e26bc2489abc2dc1b02
2869173,ad218c0c8fc17ce99518076fe396697f,0f172a2187596be09216d1969e99b7d6
2871057,fa045f63675836fa25b7c5c6f5ced99b,4aa73cc11825166edca3467f6c05c505
2871890,4ac29d195d5b93f3c9de1c797342d825,c0bf976d7ab1e98898709eb6b26642fa
2873383,3039154dd549e22c37c5d8f38b37f94e,57ae673e16b613d8cd6aca28f2ae834e
2881770,920fe84bcc28ef6337d3c6aa0a6e2aa8,a1870c43affce23c859e93ba44be2f01
2885911,05b4ae22fccb02d867c7901cebe92aa2,2823bb7182924ede2ce8772dada45be5
2887209,3b668f0d1c90738e45fe4722fad7f553,99bb219ccaf959652c8e1562481dc918
2887273,142173be53ddac7374fbecdc40e4e249,1ab0444387fbe6ef724d8085d8c44b1c
2899603,66305cdac7a72cc09229f90656597f49,81a6127b3f6982c4db178b513a024808
2905189,59983ad8fd4195c7c0e9e4f245fdc6aa,e53ec2960b653778274c8f745699c8c7
2910060,afa9c1119cc9fc1ac708846b9c1d6b85,2653b3bfe01423c5de6006f83a8188fa
2912236,00ac0a4ba5a87cc86719782cafe6668a,834d7792824eb5bd52e2725dedc2c731
2916034,8ecceb1dba49e63db7a7e828e8f7ccc9,83b01512ec14f1cbe695247d2b2aa1b0
2916035,3c1b192b2877c3f601b6009203fe9a76,7f140344f8dd1e86f8556eb0e7c27fda
2916036,b1554ad1855257ec0a42232a40e4cde8,b56c62ede553274a5f4587b78e9bd9d0
2917945,c68a27267a739afb593371c6d332ca15,79003801383be7ae5eb09df54f48d1ee
2921415,9430495fd3e030e692fa65deb77cb776,8fa5d2f7ff61b4ddd85542afb42323a3
2922832,7c87fd03883e25d33fe40faa1eeb9fdb,214f2e73a95c539f69bd015b061ee817
2924098,d1df2a66882dbb875b8f3ecec6c3f715,e0456b4d14ae065db97b7b338d967f70
2928814,b955eaffebef5eda4d443417eeaf11cb,391e73e05b7b59dcefb4c41488cfb35b
2929623,cbe6385318da173223c2cfde5ceb821c,d1647efd64f4fa61d6e7843984b553c0
2930059,87d909ca6b7126aa996ba4e25600b4ba,4a1a03d0c25dd16fd2ee6cf5b8e49625
2930064,56387e19a2e3f94e22c8ce25f1ef024c,667e1e083927017237c2b609999ee9d7
2931160,b8602faa89fdf0d79a184cfa6ff4bdda,3282c30743d74874ed7eb497c07efa4b
2934410,bdca0a90908bbf84b155d53a960b8dbc,009a3927ae49272ed88c2ab390be4e9e
2936308,e405647c9662a488e284120f7f313bfa,93ea73176d33656dffb952f61b3de1c9
2937529,bfe5f56a2024be4f585505b4046d0787,803c01c2bfc74de646e346088b40414e
2939847,a7ea53f2fe502e2da0d7a3a0e7fd86e7,0220909f7adcb854872e808523e49f9d
2940134,1b2fa7fdc3a35f68f290e712ade34852,f918c991bd7202ca5cd84b359cc8e061
2941645,09528a933ae466ade2c608928bf80280,f0eefa93afc28f4a6e3b517b9029de72
2942972,1037e42247321d20313f294221ed9e73,277b7f4563dbe0e16e8c7a6a96961f41
2948830,35acf0f23d17af2d6a17356495098243,fb6aa070b5c5694325fc40fa1783e4ce
2953804,75ca973b677050a3191a81ae1f9e1b22,4ac97a6c082093af824b00ac423aaeea
2955029,1a06aa44d71152730c5e2322be9d59f1,be58c55a34b26ea161877eb00a580d02
2956906,fc734fa52e0f90b29358a84934fa2116,666df264c87c14604a86bf88fc7d4321
2960123,223ee2d0c770d82cd36bfa75cf882995,a35f0e42c6237ce69ce935c648a845a1
2961272,3b0bb3a79d21f0ce934db919f9c9ed2c,93772fff27c4d6a93241982de6317fed
2969451,496bffe3fbe03f77189e0a0869e7b2fc,d95aa696ab41324bfafbe42b35b8faf2
2971240,5dc46a1defbce2543d0f9e46580f1b92,1dd61d585130efe22541c3f520deffe9
2973620,e267eec729dc7bc44ae4de176b70957d,5a10d26c26c9309d20464fe874d5f1a2
2976127,5e4892310505696c67e764d40d9b0a71,8322da8e333169885c079decc3abc90b
2976739,c28e0d69171255faba1299d0f524feea,f3f0a9584db7cb0b933dac8aac52d727
2978437,734327eb86f6b2e1ae490332a2963f8e,8f40a0ee492cccab439c028bb4d21126
2980731,649f296723d45665756bc9bb4af0dde8,49cbedfe8636e77f4d736d1f1f6b79de
2985352,a413659795b465cb268b2422aec2630a,638cc3506c78c276b2938135c827d7d2
2986766,d1f1acfa4bf9a96bff62628153888938,c3b217153c44a91b4b82cbf57738ee3f
2999203,1e89f993916fcd544ccb9be089725c80,0487a3b509e62406cecb3140118f5e50
