Tidb,,,,,,,,,,Oracle,,,,,,,,,Compare
PAN,AMOUNT,LOCAL_DATE,LOCAL_TIME,ORIGTRACE,ISSUER_RP,TERMID,BB_BIN,SEQUENCE_IN_MONTH,,PAN,AMOUNT,LOCAL_DATE,LOCAL_TIME,ORIGTRACE,ISSUER_RP,TERMID,BB_BIN,SEQUENCE_IN_MONTH,
9.70406E+15,10000,09-09-25 0:00,91730,492604,970406,10000001,970406,187,,9.70406E+15,10000,09-09-25 0:00,91730,492604,970406,10000001,970406,187,0
9.70406E+15,10000,09-09-25 0:00,92050,985352,970406,10000001,970406,188,,9.70406E+15,10000,09-09-25 0:00,92050,985352,970406,10000001,970406,188,0
1.07001E+15,10000,09-09-25 0:00,94528,707144,970412,13301002,970406,13399,,1.07001E+15,10000,09-09-25 0:00,94528,707144,970412,13301002,970406,13399,0
1229788221,10000,09-09-25 0:00,63143,3675,970422,97042205,970406,5112,,1229788221,10000,09-09-25 0:00,63143,3675,970422,97042205,970406,5112,0
1229788221,10000,09-09-25 0:00,105508,3742,970422,97042205,970406,5118,,1229788221,10000,09-09-25 0:00,105508,3742,970422,97042205,970406,5118,0
322495194,686868,09-09-25 0:00,837,3649,970422,97042205,970406,5107,,322495194,686868,09-09-25 0:00,837,3649,970422,97042205,970406,5107,0
825189748,66000,09-09-25 0:00,834,3647,970422,97042205,970406,5105,,825189748,66000,09-09-25 0:00,834,3647,970422,97042205,970406,5105,0
825189748,88000,09-09-25 0:00,834,3648,970422,97042205,970406,5106,,825189748,88000,09-09-25 0:00,834,3648,970422,97042205,970406,5106,0
2.58958E+12,200000,09-09-25 0:00,95148,3691,970422,97042205,970406,5114,,2.58958E+12,200000,09-09-25 0:00,95148,3691,970422,97042205,970406,5114,0
2.58958E+12,20000000,09-09-25 0:00,104329,3733,970422,97042205,970406,5117,,2.58958E+12,20000000,09-09-25 0:00,104329,3733,970422,97042205,970406,5117,0
2.6965E+12,200000,09-09-25 0:00,95838,3698,970422,97042205,970406,5116,,2.6965E+12,200000,09-09-25 0:00,95838,3698,970422,97042205,970406,5116,0
3.61355E+12,2222222,09-09-25 0:00,95358,3694,970422,97042299,970406,5115,,3.61355E+12,2222222,09-09-25 0:00,95358,3694,970422,97042299,970406,5115,0
VND1142600400001,10000,09-09-25 0:00,63145,3677,970422,97042205,970406,5113,,VND1142600400001,10000,09-09-25 0:00,63145,3677,970422,97042205,970406,5113,0
VND1142600400001,10000,09-09-25 0:00,105512,3744,970422,97042205,970406,5119,,VND1142600400001,10000,09-09-25 0:00,105512,3744,970422,97042205,970406,5119,0
VND1625000210001,112323,08-09-25 0:00,231720,3639,970422,97042205,970406,5101,,VND1625000210001,112323,08-09-25 0:00,231720,3639,970422,97042205,970406,5101,0
VND1625000210001,112323,08-09-25 0:00,231720,3640,970422,97042205,970406,5102,,VND1625000210001,112323,08-09-25 0:00,231720,3640,970422,97042205,970406,5102,0
VND1625000210001,112323,09-09-25 0:00,2444,3658,970422,97042205,970406,5108,,VND1625000210001,112323,09-09-25 0:00,2444,3658,970422,97042205,970406,5108,0
VND1625000210001,112323,09-09-25 0:00,2444,3661,970422,97042205,970406,5111,,VND1625000210001,112323,09-09-25 0:00,2444,3661,970422,97042205,970406,5111,0
VND1625000210001,164565,08-09-25 0:00,231720,3641,970422,97042205,970406,5103,,VND1625000210001,164565,08-09-25 0:00,231720,3641,970422,97042205,970406,5103,0
VND1625000210001,164565,08-09-25 0:00,231721,3642,970422,97042205,970406,5104,,VND1625000210001,164565,08-09-25 0:00,231721,3642,970422,97042205,970406,5104,0
VND1625000210001,164565,09-09-25 0:00,2444,3659,970422,97042205,970406,5109,,VND1625000210001,164565,09-09-25 0:00,2444,3659,970422,97042205,970406,5109,0
VND1625000210001,164565,09-09-25 0:00,2444,3660,970422,97042205,970406,5110,,VND1625000210001,164565,09-09-25 0:00,2444,3660,970422,97042205,970406,5110,0
1862800,500000,09-09-25 0:00,91352,215203,970433,12345678,970406,84,,1862800,500000,09-09-25 0:00,91352,215203,970433,12345678,970406,84,0
9.70442E+15,2300,09-09-25 0:00,94858,75793,970442,INB00001,970406,26,,9.70442E+15,2300,09-09-25 0:00,94858,75793,970442,INB00001,970406,26,0
1019946497,5000,09-09-25 0:00,104552,834565,970443,11111111,970406,11155,,1019946497,5000,09-09-25 0:00,104552,834565,970443,11111111,970406,11155,0
1019946497,5000,09-09-25 0:00,104600,887209,970443,11111111,970406,11157,,1019946497,5000,09-09-25 0:00,104600,887209,970443,11111111,970406,11157,0
1019946497,5000,09-09-25 0:00,104609,960123,970443,11111111,970406,11160,,1019946497,5000,09-09-25 0:00,104609,960123,970443,11111111,970406,11160,0
1019946497,5000,09-09-25 0:00,104751,603736,970443,11111111,970406,11178,,1019946497,5000,09-09-25 0:00,104751,603736,970443,11111111,970406,11178,0
1019946497,5000,09-09-25 0:00,104820,560328,970443,11111111,970406,11186,,1019946497,5000,09-09-25 0:00,104820,560328,970443,11111111,970406,11186,0
1019946497,6000,09-09-25 0:00,104601,258342,970443,11111111,970406,11158,,1019946497,6000,09-09-25 0:00,104601,258342,970443,11111111,970406,11158,0
1019946497,6000,09-09-25 0:00,104610,627580,970443,11111111,970406,11162,,1019946497,6000,09-09-25 0:00,104610,627580,970443,11111111,970406,11162,0
1019946497,7000,09-09-25 0:00,104610,166783,970443,11111111,970406,11161,,1019946497,7000,09-09-25 0:00,104610,166783,970443,11111111,970406,11161,0
1019946497,8000,09-09-25 0:00,104613,623623,970443,11111111,970406,11166,,1019946497,8000,09-09-25 0:00,104613,623623,970443,11111111,970406,11166,0
1019946497,9000,09-09-25 0:00,104614,641379,970443,11111111,970406,11168,,1019946497,9000,09-09-25 0:00,104614,641379,970443,11111111,970406,11168,0
1019946497,10000,09-09-25 0:00,104526,69338,970443,11111111,970406,11152,,1019946497,10000,09-09-25 0:00,104526,69338,970443,11111111,970406,11152,0
1019946497,10000,09-09-25 0:00,104752,100636,970443,11111111,970406,11179,,1019946497,10000,09-09-25 0:00,104752,100636,970443,11111111,970406,11179,0
1019946497,10000,09-09-25 0:00,104821,538996,970443,11111111,970406,11187,,1019946497,10000,09-09-25 0:00,104821,538996,970443,11111111,970406,11187,0
1019946497,11500,09-09-25 0:00,104525,754535,970443,11111111,970406,11151,,1019946497,11500,09-09-25 0:00,104525,754535,970443,11111111,970406,11151,0
1019946497,12000,09-09-25 0:00,104611,54931,970443,11111111,970406,11163,,1019946497,12000,09-09-25 0:00,104611,54931,970443,11111111,970406,11163,0
1019946497,12000,09-09-25 0:00,104612,530721,970443,11111111,970406,11164,,1019946497,12000,09-09-25 0:00,104612,530721,970443,11111111,970406,11164,0
1019946497,12000,09-09-25 0:00,104615,627646,970443,11111111,970406,11169,,1019946497,12000,09-09-25 0:00,104615,627646,970443,11111111,970406,11169,0
1019946497,13000,09-09-25 0:00,104612,700385,970443,11111111,970406,11165,,1019946497,13000,09-09-25 0:00,104612,700385,970443,11111111,970406,11165,0
1019946497,13000,09-09-25 0:00,104614,372101,970443,11111111,970406,11167,,1019946497,13000,09-09-25 0:00,104614,372101,970443,11111111,970406,11167,0
1019946497,14000,09-09-25 0:00,104600,242742,970443,11111111,970406,11156,,1019946497,14000,09-09-25 0:00,104600,242742,970443,11111111,970406,11156,0
1019946497,14000,09-09-25 0:00,104609,325442,970443,11111111,970406,11159,,1019946497,14000,09-09-25 0:00,104609,325442,970443,11111111,970406,11159,0
1019946497,500000,09-09-25 0:00,104520,183559,970443,11111111,970406,11147,,1019946497,500000,09-09-25 0:00,104520,183559,970443,11111111,970406,11147,0
1019946497,1000000,09-09-25 0:00,104520,722059,970443,11111111,970406,11148,,1019946497,1000000,09-09-25 0:00,104520,722059,970443,11111111,970406,11148,0
1019946497,2000000,09-09-25 0:00,104540,479043,970443,11111111,970406,11154,,1019946497,2000000,09-09-25 0:00,104540,479043,970443,11111111,970406,11154,0
1019946497,490000000,09-09-25 0:00,104539,973620,970443,11111111,970406,11153,,1019946497,490000000,09-09-25 0:00,104539,973620,970443,11111111,970406,11153,0
1019946507,5000,09-09-25 0:00,104900,827672,970443,11111111,970406,11192,,1019946507,5000,09-09-25 0:00,104900,827672,970443,11111111,970406,11192,0
1019946507,10000,09-09-25 0:00,104901,219665,970443,11111111,970406,11193,,1019946507,10000,09-09-25 0:00,104901,219665,970443,11111111,970406,11193,0
1019962879,5000,09-09-25 0:00,104623,748288,970443,11111111,970406,11170,,1019962879,5000,09-09-25 0:00,104623,748288,970443,11111111,970406,11170,0
1019962879,5000,09-09-25 0:00,104743,761121,970443,11111111,970406,11176,,1019962879,5000,09-09-25 0:00,104743,761121,970443,11111111,970406,11176,0
1019962879,5000,09-09-25 0:00,104813,798175,970443,11111111,970406,11184,,1019962879,5000,09-09-25 0:00,104813,798175,970443,11111111,970406,11184,0
1019962879,10000,09-09-25 0:00,104624,507312,970443,11111111,970406,11171,,1019962879,10000,09-09-25 0:00,104624,507312,970443,11111111,970406,11171,0
1019962879,10000,09-09-25 0:00,104744,887273,970443,11111111,970406,11177,,1019962879,10000,09-09-25 0:00,104744,887273,970443,11111111,970406,11177,0
1019962879,10000,09-09-25 0:00,104814,313224,970443,11111111,970406,11185,,1019962879,10000,09-09-25 0:00,104814,313224,970443,11111111,970406,11185,0
1019962895,5000,09-09-25 0:00,104843,327685,970443,11111111,970406,11190,,1019962895,5000,09-09-25 0:00,104843,327685,970443,11111111,970406,11190,0
1019962895,10000,09-09-25 0:00,104843,785305,970443,11111111,970406,11191,,1019962895,10000,09-09-25 0:00,104843,785305,970443,11111111,970406,11191,0
1019962947,5000,09-09-25 0:00,104758,144948,970443,11111111,970406,11180,,1019962947,5000,09-09-25 0:00,104758,144948,970443,11111111,970406,11180,0
1019962947,10000,09-09-25 0:00,104759,847684,970443,11111111,970406,11181,,1019962947,10000,09-09-25 0:00,104759,847684,970443,11111111,970406,11181,0
1019962947,500000,09-09-25 0:00,104523,75213,970443,11111111,970406,11149,,1019962947,500000,09-09-25 0:00,104523,75213,970443,11111111,970406,11149,0
1019962947,1000000,09-09-25 0:00,104523,353920,970443,11111111,970406,11150,,1019962947,1000000,09-09-25 0:00,104523,353920,970443,11111111,970406,11150,0
1019962963,5000,09-09-25 0:00,104806,869173,970443,11111111,970406,11182,,1019962963,5000,09-09-25 0:00,104806,869173,970443,11111111,970406,11182,0
1019962963,5000,09-09-25 0:00,104827,121143,970443,11111111,970406,11188,,1019962963,5000,09-09-25 0:00,104827,121143,970443,11111111,970406,11188,0
1019962963,10000,09-09-25 0:00,104807,272670,970443,11111111,970406,11183,,1019962963,10000,09-09-25 0:00,104807,272670,970443,11111111,970406,11183,0
1019962963,10000,09-09-25 0:00,104828,393618,970443,11111111,970406,11189,,1019962963,10000,09-09-25 0:00,104828,393618,970443,11111111,970406,11189,0
1019963056,5000,09-09-25 0:00,104907,976739,970443,11111111,970406,11194,,1019963056,5000,09-09-25 0:00,104907,976739,970443,11111111,970406,11194,0
1019963056,10000,09-09-25 0:00,104908,500163,970443,11111111,970406,11195,,1019963056,10000,09-09-25 0:00,104908,500163,970443,11111111,970406,11195,0
1019963072,5000,09-09-25 0:00,104914,263752,970443,11111111,970406,11196,,1019963072,5000,09-09-25 0:00,104914,263752,970443,11111111,970406,11196,0
1019963072,10000,09-09-25 0:00,104915,934410,970443,11111111,970406,11197,,1019963072,10000,09-09-25 0:00,104915,934410,970443,11111111,970406,11197,0
1019963085,5000,09-09-25 0:00,104921,73378,970443,11111111,970406,11198,,1019963085,5000,09-09-25 0:00,104921,73378,970443,11111111,970406,11198,0
1019963085,10000,09-09-25 0:00,104922,829144,970443,11111111,970406,11199,,1019963085,10000,09-09-25 0:00,104922,829144,970443,11111111,970406,11199,0
1019963360,5000,09-09-25 0:00,104723,871890,970443,11111111,970406,11175,,1019963360,5000,09-09-25 0:00,104723,871890,970443,11111111,970406,11175,0
1019963360,10000,09-09-25 0:00,104723,417822,970443,11111111,970406,11174,,1019963360,10000,09-09-25 0:00,104723,417822,970443,11111111,970406,11174,0
1019996395,5000,09-09-25 0:00,104631,477438,970443,11111111,970406,11172,,1019996395,5000,09-09-25 0:00,104631,477438,970443,11111111,970406,11172,0
1019996395,10000,09-09-25 0:00,104631,948830,970443,11111111,970406,11173,,1019996395,10000,09-09-25 0:00,104631,948830,970443,11111111,970406,11173,0
1020404504,5000,09-09-25 0:00,94353,768630,970443,11111111,970406,10961,,1020404504,5000,09-09-25 0:00,94353,768630,970443,11111111,970406,10961,0
1020404504,5000,09-09-25 0:00,101751,481871,970443,11111111,970406,11041,,1020404504,5000,09-09-25 0:00,101751,481871,970443,11111111,970406,11041,0
1020404504,5000,09-09-25 0:00,105743,622537,970443,11111111,970406,11247,,1020404504,5000,09-09-25 0:00,105743,622537,970443,11111111,970406,11247,0
1020404504,10000,09-09-25 0:00,94354,294961,970443,11111111,970406,10962,,1020404504,10000,09-09-25 0:00,94354,294961,970443,11111111,970406,10962,0
1020404504,10000,09-09-25 0:00,101751,928814,970443,11111111,970406,11042,,1020404504,10000,09-09-25 0:00,101751,928814,970443,11111111,970406,11042,0
1020404504,10000,09-09-25 0:00,105744,781186,970443,11111111,970406,11248,,1020404504,10000,09-09-25 0:00,105744,781186,970443,11111111,970406,11248,0
1020404520,5000,09-09-25 0:00,94612,185135,970443,11111111,970406,10995,,1020404520,5000,09-09-25 0:00,94612,185135,970443,11111111,970406,10995,0
1020404520,5000,09-09-25 0:00,101959,253558,970443,11111111,970406,11075,,1020404520,5000,09-09-25 0:00,101959,253558,970443,11111111,970406,11075,0
1020404520,10000,09-09-25 0:00,94613,398534,970443,11111111,970406,10996,,1020404520,10000,09-09-25 0:00,94613,398534,970443,11111111,970406,10996,0
1020404520,10000,09-09-25 0:00,102000,976127,970443,11111111,970406,11076,,1020404520,10000,09-09-25 0:00,102000,976127,970443,11111111,970406,11076,0
1020404533,5000,09-09-25 0:00,94436,546803,970443,11111111,970406,10971,,1020404533,5000,09-09-25 0:00,94436,546803,970443,11111111,970406,10971,0
1020404533,5000,09-09-25 0:00,101828,326696,970443,11111111,970406,11051,,1020404533,5000,09-09-25 0:00,101828,326696,970443,11111111,970406,11051,0
1020404533,5000,09-09-25 0:00,105824,58216,970443,11111111,970406,11257,,1020404533,5000,09-09-25 0:00,105824,58216,970443,11111111,970406,11257,0
1020404533,10000,09-09-25 0:00,94437,720298,970443,11111111,970406,10972,,1020404533,10000,09-09-25 0:00,94437,720298,970443,11111111,970406,10972,0
1020404533,10000,09-09-25 0:00,101829,663317,970443,11111111,970406,11052,,1020404533,10000,09-09-25 0:00,101829,663317,970443,11111111,970406,11052,0
1020404533,10000,09-09-25 0:00,105824,936308,970443,11111111,970406,11258,,1020404533,10000,09-09-25 0:00,105824,936308,970443,11111111,970406,11258,0
1020404533,500000,09-09-25 0:00,102748,625218,970443,11111111,970406,11090,,1020404533,500000,09-09-25 0:00,102748,625218,970443,11111111,970406,11090,0
1020404533,1000000,09-09-25 0:00,102749,323607,970443,11111111,970406,11091,,1020404533,1000000,09-09-25 0:00,102749,323607,970443,11111111,970406,11091,0
1020404546,5000,09-09-25 0:00,94346,378946,970443,11111111,970406,10959,,1020404546,5000,09-09-25 0:00,94346,378946,970443,11111111,970406,10959,0
1020404546,5000,09-09-25 0:00,101744,21122,970443,11111111,970406,11039,,1020404546,5000,09-09-25 0:00,101744,21122,970443,11111111,970406,11039,0
1020404546,5000,09-09-25 0:00,105735,744657,970443,11111111,970406,11245,,1020404546,5000,09-09-25 0:00,105735,744657,970443,11111111,970406,11245,0
1020404546,10000,09-09-25 0:00,94347,468543,970443,11111111,970406,10960,,1020404546,10000,09-09-25 0:00,94347,468543,970443,11111111,970406,10960,0
1020404546,10000,09-09-25 0:00,101744,478422,970443,11111111,970406,11040,,1020404546,10000,09-09-25 0:00,101744,478422,970443,11111111,970406,11040,0
1020404546,10000,09-09-25 0:00,105736,203944,970443,11111111,970406,11246,,1020404546,10000,09-09-25 0:00,105736,203944,970443,11111111,970406,11246,0
1020404562,5000,09-09-25 0:00,94444,14009,970443,11111111,970406,10973,,1020404562,5000,09-09-25 0:00,94444,14009,970443,11111111,970406,10973,0
1020404562,5000,09-09-25 0:00,101836,327210,970443,11111111,970406,11053,,1020404562,5000,09-09-25 0:00,101836,327210,970443,11111111,970406,11053,0
1020404562,5000,09-09-25 0:00,105832,136587,970443,11111111,970406,11259,,1020404562,5000,09-09-25 0:00,105832,136587,970443,11111111,970406,11259,0
1020404562,10000,09-09-25 0:00,94445,873383,970443,11111111,970406,10974,,1020404562,10000,09-09-25 0:00,94445,873383,970443,11111111,970406,10974,0
1020404562,10000,09-09-25 0:00,101837,175378,970443,11111111,970406,11054,,1020404562,10000,09-09-25 0:00,101837,175378,970443,11111111,970406,11054,0
1020404562,10000,09-09-25 0:00,105832,921415,970443,11111111,970406,11260,,1020404562,10000,09-09-25 0:00,105832,921415,970443,11111111,970406,11260,0
1020404562,500000,09-09-25 0:00,102757,691410,970443,11111111,970406,11093,,1020404562,500000,09-09-25 0:00,102757,691410,970443,11111111,970406,11093,0
1020404562,1000000,09-09-25 0:00,102757,76053,970443,11111111,970406,11092,,1020404562,1000000,09-09-25 0:00,102757,76053,970443,11111111,970406,11092,0
1020404575,5000,09-09-25 0:00,94547,707438,970443,11111111,970406,10989,,1020404575,5000,09-09-25 0:00,94547,707438,970443,11111111,970406,10989,0
1020404575,5000,09-09-25 0:00,101935,211817,970443,11111111,970406,11069,,1020404575,5000,09-09-25 0:00,101935,211817,970443,11111111,970406,11069,0
1020404575,5000,09-09-25 0:00,103517,544271,970443,11111111,970406,11129,,1020404575,5000,09-09-25 0:00,103517,544271,970443,11111111,970406,11129,0
1020404575,5000,09-09-25 0:00,105435,440723,970443,11111111,970406,11225,,1020404575,5000,09-09-25 0:00,105435,440723,970443,11111111,970406,11225,0
1020404575,5000,09-09-25 0:00,105936,929623,970443,11111111,970406,11275,,1020404575,5000,09-09-25 0:00,105936,929623,970443,11111111,970406,11275,0
1020404575,10000,09-09-25 0:00,94548,579123,970443,11111111,970406,10990,,1020404575,10000,09-09-25 0:00,94548,579123,970443,11111111,970406,10990,0
1020404575,10000,09-09-25 0:00,101936,767191,970443,11111111,970406,11070,,1020404575,10000,09-09-25 0:00,101936,767191,970443,11111111,970406,11070,0
1020404575,10000,09-09-25 0:00,103518,1496,970443,11111111,970406,11130,,1020404575,10000,09-09-25 0:00,103518,1496,970443,11111111,970406,11130,0
1020404575,10000,09-09-25 0:00,105436,764216,970443,11111111,970406,11226,,1020404575,10000,09-09-25 0:00,105436,764216,970443,11111111,970406,11226,0
1020404575,10000,09-09-25 0:00,105937,265249,970443,11111111,970406,11276,,1020404575,10000,09-09-25 0:00,105937,265249,970443,11111111,970406,11276,0
1020404575,500000,09-09-25 0:00,102904,8877,970443,11111111,970406,11108,,1020404575,500000,09-09-25 0:00,102904,8877,970443,11111111,970406,11108,0
1020404575,1000000,09-09-25 0:00,102905,518095,970443,11111111,970406,11109,,1020404575,1000000,09-09-25 0:00,102905,518095,970443,11111111,970406,11109,0
1020412402,5000,09-09-25 0:00,94408,318248,970443,11111111,970406,10965,,1020412402,5000,09-09-25 0:00,94408,318248,970443,11111111,970406,10965,0
1020412402,5000,09-09-25 0:00,101806,698185,970443,11111111,970406,11045,,1020412402,5000,09-09-25 0:00,101806,698185,970443,11111111,970406,11045,0
1020412402,5000,09-09-25 0:00,105759,15766,970443,11111111,970406,11251,,1020412402,5000,09-09-25 0:00,105759,15766,970443,11111111,970406,11251,0
1020412402,10000,09-09-25 0:00,94409,411027,970443,11111111,970406,10966,,1020412402,10000,09-09-25 0:00,94409,411027,970443,11111111,970406,10966,0
1020412402,10000,09-09-25 0:00,101807,146436,970443,11111111,970406,11046,,1020412402,10000,09-09-25 0:00,101807,146436,970443,11111111,970406,11046,0
1020412402,10000,09-09-25 0:00,105800,171272,970443,11111111,970406,11252,,1020412402,10000,09-09-25 0:00,105800,171272,970443,11111111,970406,11252,0
1020412402,1000000,09-09-25 0:00,102726,918991,970443,11111111,970406,11085,,1020412402,1000000,09-09-25 0:00,102726,918991,970443,11111111,970406,11085,0
1020412415,5000,09-09-25 0:00,94416,345809,970443,11111111,970406,10967,,1020412415,5000,09-09-25 0:00,94416,345809,970443,11111111,970406,10967,0
1020412415,5000,09-09-25 0:00,101813,504271,970443,11111111,970406,11047,,1020412415,5000,09-09-25 0:00,101813,504271,970443,11111111,970406,11047,0
1020412415,5000,09-09-25 0:00,105807,881770,970443,11111111,970406,11253,,1020412415,5000,09-09-25 0:00,105807,881770,970443,11111111,970406,11253,0
1020412415,10000,09-09-25 0:00,94416,978437,970443,11111111,970406,10968,,1020412415,10000,09-09-25 0:00,94416,978437,970443,11111111,970406,10968,0
1020412415,10000,09-09-25 0:00,101814,131961,970443,11111111,970406,11048,,1020412415,10000,09-09-25 0:00,101814,131961,970443,11111111,970406,11048,0
1020412415,10000,09-09-25 0:00,105808,971240,970443,11111111,970406,11254,,1020412415,10000,09-09-25 0:00,105808,971240,970443,11111111,970406,11254,0
1020412415,500000,09-09-25 0:00,102732,365594,970443,11111111,970406,11086,,1020412415,500000,09-09-25 0:00,102732,365594,970443,11111111,970406,11086,0
1020412415,1000000,09-09-25 0:00,102733,12087,970443,11111111,970406,11087,,1020412415,1000000,09-09-25 0:00,102733,12087,970443,11111111,970406,11087,0
1020412431,5000,09-09-25 0:00,94428,656886,970443,11111111,970406,10969,,1020412431,5000,09-09-25 0:00,94428,656886,970443,11111111,970406,10969,0
1020412431,5000,09-09-25 0:00,101821,55622,970443,11111111,970406,11049,,1020412431,5000,09-09-25 0:00,101821,55622,970443,11111111,970406,11049,0
1020412431,5000,09-09-25 0:00,105816,389635,970443,11111111,970406,11256,,1020412431,5000,09-09-25 0:00,105816,389635,970443,11111111,970406,11256,0
1020412431,10000,09-09-25 0:00,94428,854308,970443,11111111,970406,10970,,1020412431,10000,09-09-25 0:00,94428,854308,970443,11111111,970406,10970,0
1020412431,10000,09-09-25 0:00,101822,154191,970443,11111111,970406,11050,,1020412431,10000,09-09-25 0:00,101822,154191,970443,11111111,970406,11050,0
1020412431,10000,09-09-25 0:00,105816,224417,970443,11111111,970406,11255,,1020412431,10000,09-09-25 0:00,105816,224417,970443,11111111,970406,11255,0
1020412431,500000,09-09-25 0:00,102740,797997,970443,11111111,970406,11088,,1020412431,500000,09-09-25 0:00,102740,797997,970443,11111111,970406,11088,0
1020412431,1000000,09-09-25 0:00,102741,341467,970443,11111111,970406,11089,,1020412431,1000000,09-09-25 0:00,102741,341467,970443,11111111,970406,11089,0
1020412457,5000,09-09-25 0:00,94510,524383,970443,11111111,970406,10979,,1020412457,5000,09-09-25 0:00,94510,524383,970443,11111111,970406,10979,0
1020412457,5000,09-09-25 0:00,101858,43289,970443,11111111,970406,11059,,1020412457,5000,09-09-25 0:00,101858,43289,970443,11111111,970406,11059,0
1020412457,5000,09-09-25 0:00,105856,417963,970443,11111111,970406,11265,,1020412457,5000,09-09-25 0:00,105856,417963,970443,11111111,970406,11265,0
1020412457,10000,09-09-25 0:00,94510,940134,970443,11111111,970406,10980,,1020412457,10000,09-09-25 0:00,94510,940134,970443,11111111,970406,10980,0
1020412457,10000,09-09-25 0:00,101859,332152,970443,11111111,970406,11060,,1020412457,10000,09-09-25 0:00,101859,332152,970443,11111111,970406,11060,0
1020412457,10000,09-09-25 0:00,105857,481157,970443,11111111,970406,11266,,1020412457,10000,09-09-25 0:00,105857,481157,970443,11111111,970406,11266,0
1020412457,500000,09-09-25 0:00,102822,987799,970443,11111111,970406,11098,,1020412457,500000,09-09-25 0:00,102822,987799,970443,11111111,970406,11098,0
1020412457,1000000,09-09-25 0:00,102823,698930,970443,11111111,970406,11099,,1020412457,1000000,09-09-25 0:00,102823,698930,970443,11111111,970406,11099,0
1020412499,5000,09-09-25 0:00,94532,352690,970443,11111111,970406,10986,,1020412499,5000,09-09-25 0:00,94532,352690,970443,11111111,970406,10986,0
1020412499,5000,09-09-25 0:00,101921,270143,970443,11111111,970406,11066,,1020412499,5000,09-09-25 0:00,101921,270143,970443,11111111,970406,11066,0
1020412499,5000,09-09-25 0:00,105920,229060,970443,11111111,970406,11271,,1020412499,5000,09-09-25 0:00,105920,229060,970443,11111111,970406,11271,0
1020412499,10000,09-09-25 0:00,94532,239363,970443,11111111,970406,10985,,1020412499,10000,09-09-25 0:00,94532,239363,970443,11111111,970406,10985,0
1020412499,10000,09-09-25 0:00,101921,28829,970443,11111111,970406,11065,,1020412499,10000,09-09-25 0:00,101921,28829,970443,11111111,970406,11065,0
1020412499,10000,09-09-25 0:00,105921,854534,970443,11111111,970406,11272,,1020412499,10000,09-09-25 0:00,105921,854534,970443,11111111,970406,11272,0
1020412499,500000,09-09-25 0:00,102847,367217,970443,11111111,970406,11104,,1020412499,500000,09-09-25 0:00,102847,367217,970443,11111111,970406,11104,0
1020412499,1000000,09-09-25 0:00,102847,783833,970443,11111111,970406,11105,,1020412499,1000000,09-09-25 0:00,102847,783833,970443,11111111,970406,11105,0
1020412509,5000,09-09-25 0:00,94539,630317,970443,11111111,970406,10987,,1020412509,5000,09-09-25 0:00,94539,630317,970443,11111111,970406,10987,0
1020412509,5000,09-09-25 0:00,101928,777245,970443,11111111,970406,11068,,1020412509,5000,09-09-25 0:00,101928,777245,970443,11111111,970406,11068,0
1020412509,5000,09-09-25 0:00,105928,351315,970443,11111111,970406,11273,,1020412509,5000,09-09-25 0:00,105928,351315,970443,11111111,970406,11273,0
1020412509,10000,09-09-25 0:00,94540,849080,970443,11111111,970406,10988,,1020412509,10000,09-09-25 0:00,94540,849080,970443,11111111,970406,10988,0
1020412509,10000,09-09-25 0:00,101928,494999,970443,11111111,970406,11067,,1020412509,10000,09-09-25 0:00,101928,494999,970443,11111111,970406,11067,0
1020412509,10000,09-09-25 0:00,105929,70587,970443,11111111,970406,11274,,1020412509,10000,09-09-25 0:00,105929,70587,970443,11111111,970406,11274,0
1020412509,500000,09-09-25 0:00,102855,71084,970443,11111111,970406,11106,,1020412509,500000,09-09-25 0:00,102855,71084,970443,11111111,970406,11106,0
1020412509,1000000,09-09-25 0:00,102856,730229,970443,11111111,970406,11107,,1020412509,1000000,09-09-25 0:00,102856,730229,970443,11111111,970406,11107,0
1020412541,5000,09-09-25 0:00,94558,862606,970443,11111111,970406,10992,,1020412541,5000,09-09-25 0:00,94558,862606,970443,11111111,970406,10992,0
1020412541,5000,09-09-25 0:00,101945,439380,970443,11111111,970406,11072,,1020412541,5000,09-09-25 0:00,101945,439380,970443,11111111,970406,11072,0
1020412541,5000,09-09-25 0:00,105948,770001,970443,11111111,970406,11278,,1020412541,5000,09-09-25 0:00,105948,770001,970443,11111111,970406,11278,0
1020412541,10000,09-09-25 0:00,94558,207385,970443,11111111,970406,10991,,1020412541,10000,09-09-25 0:00,94558,207385,970443,11111111,970406,10991,0
1020412541,10000,09-09-25 0:00,101945,261671,970443,11111111,970406,11071,,1020412541,10000,09-09-25 0:00,101945,261671,970443,11111111,970406,11071,0
1020412541,10000,09-09-25 0:00,105948,564111,970443,11111111,970406,11277,,1020412541,10000,09-09-25 0:00,105948,564111,970443,11111111,970406,11277,0
1020412664,5000,09-09-25 0:00,94605,291484,970443,11111111,970406,10993,,1020412664,5000,09-09-25 0:00,94605,291484,970443,11111111,970406,10993,0
1020412664,5000,09-09-25 0:00,101952,760558,970443,11111111,970406,11074,,1020412664,5000,09-09-25 0:00,101952,760558,970443,11111111,970406,11074,0
1020412664,5000,09-09-25 0:00,105956,516638,970443,11111111,970406,11279,,1020412664,5000,09-09-25 0:00,105956,516638,970443,11111111,970406,11279,0
1020412664,10000,09-09-25 0:00,94606,729368,970443,11111111,970406,10994,,1020412664,10000,09-09-25 0:00,94606,729368,970443,11111111,970406,10994,0
1020412664,10000,09-09-25 0:00,101952,168350,970443,11111111,970406,11073,,1020412664,10000,09-09-25 0:00,101952,168350,970443,11111111,970406,11073,0
1020412664,10000,09-09-25 0:00,105956,570711,970443,11111111,970406,11280,,1020412664,10000,09-09-25 0:00,105956,570711,970443,11111111,970406,11280,0
1020412729,5000,09-09-25 0:00,94620,937529,970443,11111111,970406,10998,,1020412729,5000,09-09-25 0:00,94620,937529,970443,11111111,970406,10998,0
1020412729,5000,09-09-25 0:00,102007,917945,970443,11111111,970406,11077,,1020412729,5000,09-09-25 0:00,102007,917945,970443,11111111,970406,11077,0
1020412729,10000,09-09-25 0:00,94620,120383,970443,11111111,970406,10997,,1020412729,10000,09-09-25 0:00,94620,120383,970443,11111111,970406,10997,0
1020412729,10000,09-09-25 0:00,102008,449629,970443,11111111,970406,11078,,1020412729,10000,09-09-25 0:00,102008,449629,970443,11111111,970406,11078,0
1020412732,5000,09-09-25 0:00,94627,675277,970443,11111111,970406,10999,,1020412732,5000,09-09-25 0:00,94627,675277,970443,11111111,970406,10999,0
1020412732,5000,09-09-25 0:00,102014,681317,970443,11111111,970406,11079,,1020412732,5000,09-09-25 0:00,102014,681317,970443,11111111,970406,11079,0
1020412732,10000,09-09-25 0:00,94628,205062,970443,11111111,970406,11000,,1020412732,10000,09-09-25 0:00,94628,205062,970443,11111111,970406,11000,0
1020412732,10000,09-09-25 0:00,102015,482426,970443,11111111,970406,11080,,1020412732,10000,09-09-25 0:00,102015,482426,970443,11111111,970406,11080,0
1020412732,500000,09-09-25 0:00,104105,430876,970443,11111111,970406,11131,,1020412732,500000,09-09-25 0:00,104105,430876,970443,11111111,970406,11131,0
1020412732,1000000,09-09-25 0:00,104105,798630,970443,11111111,970406,11132,,1020412732,1000000,09-09-25 0:00,104105,798630,970443,11111111,970406,11132,0
1020412745,5000,09-09-25 0:00,94634,767852,970443,11111111,970406,11001,,1020412745,5000,09-09-25 0:00,94634,767852,970443,11111111,970406,11001,0
1020412745,5000,09-09-25 0:00,102022,623440,970443,11111111,970406,11081,,1020412745,5000,09-09-25 0:00,102022,623440,970443,11111111,970406,11081,0
1020412745,10000,09-09-25 0:00,94635,142525,970443,11111111,970406,11002,,1020412745,10000,09-09-25 0:00,94635,142525,970443,11111111,970406,11002,0
1020412745,10000,09-09-25 0:00,102023,205032,970443,11111111,970406,11082,,1020412745,10000,09-09-25 0:00,102023,205032,970443,11111111,970406,11082,0
1020412745,500000,09-09-25 0:00,104114,805544,970443,11111111,970406,11133,,1020412745,500000,09-09-25 0:00,104114,805544,970443,11111111,970406,11133,0
1020412745,1000000,09-09-25 0:00,104114,918232,970443,11111111,970406,11134,,1020412745,1000000,09-09-25 0:00,104114,918232,970443,11111111,970406,11134,0
1020412761,5000,09-09-25 0:00,94648,899603,970443,11111111,970406,11005,,1020412761,5000,09-09-25 0:00,94648,899603,970443,11111111,970406,11005,0
1020412761,10000,09-09-25 0:00,94649,88830,970443,11111111,970406,11006,,1020412761,10000,09-09-25 0:00,94649,88830,970443,11111111,970406,11006,0
1020412761,500000,09-09-25 0:00,104131,959615,970443,11111111,970406,11138,,1020412761,500000,09-09-25 0:00,104131,959615,970443,11111111,970406,11138,0
1020412761,1000000,09-09-25 0:00,104131,954124,970443,11111111,970406,11137,,1020412761,1000000,09-09-25 0:00,104131,954124,970443,11111111,970406,11137,0
1020412774,5000,09-09-25 0:00,94656,227786,970443,11111111,970406,11007,,1020412774,5000,09-09-25 0:00,94656,227786,970443,11111111,970406,11007,0
1020412774,10000,09-09-25 0:00,94656,479161,970443,11111111,970406,11008,,1020412774,10000,09-09-25 0:00,94656,479161,970443,11111111,970406,11008,0
1020412774,500000,09-09-25 0:00,104139,72090,970443,11111111,970406,11139,,1020412774,500000,09-09-25 0:00,104139,72090,970443,11111111,970406,11139,0
1020412774,1000000,09-09-25 0:00,104140,672631,970443,11111111,970406,11140,,1020412774,1000000,09-09-25 0:00,104140,672631,970443,11111111,970406,11140,0
1020412813,5000,09-09-25 0:00,94703,905189,970443,11111111,970406,11009,,1020412813,5000,09-09-25 0:00,94703,905189,970443,11111111,970406,11009,0
1020412813,10000,09-09-25 0:00,94704,809838,970443,11111111,970406,11010,,1020412813,10000,09-09-25 0:00,94704,809838,970443,11111111,970406,11010,0
1020412813,500000,09-09-25 0:00,104148,426154,970443,11111111,970406,11141,,1020412813,500000,09-09-25 0:00,104148,426154,970443,11111111,970406,11141,0
1020412813,1000000,09-09-25 0:00,104148,896147,970443,11111111,970406,11142,,1020412813,1000000,09-09-25 0:00,104148,896147,970443,11111111,970406,11142,0
1020412826,5000,09-09-25 0:00,94711,423878,970443,11111111,970406,11012,,1020412826,5000,09-09-25 0:00,94711,423878,970443,11111111,970406,11012,0
1020412826,10000,09-09-25 0:00,94711,278544,970443,11111111,970406,11011,,1020412826,10000,09-09-25 0:00,94711,278544,970443,11111111,970406,11011,0
1020412826,500000,09-09-25 0:00,104156,976267,970443,11111111,970406,11143,,1020412826,500000,09-09-25 0:00,104156,976267,970443,11111111,970406,11143,0
1020412826,1000000,09-09-25 0:00,104157,476723,970443,11111111,970406,11144,,1020412826,1000000,09-09-25 0:00,104157,476723,970443,11111111,970406,11144,0
1020412842,5000,09-09-25 0:00,94726,594365,970443,11111111,970406,11015,,1020412842,5000,09-09-25 0:00,94726,594365,970443,11111111,970406,11015,0
1020412842,10000,09-09-25 0:00,94727,678004,970443,11111111,970406,11016,,1020412842,10000,09-09-25 0:00,94727,678004,970443,11111111,970406,11016,0
1020412868,5000,09-09-25 0:00,94500,225583,970443,11111111,970406,10977,,1020412868,5000,09-09-25 0:00,94500,225583,970443,11111111,970406,10977,0
1020412868,5000,09-09-25 0:00,101851,237119,970443,11111111,970406,11057,,1020412868,5000,09-09-25 0:00,101851,237119,970443,11111111,970406,11057,0
1020412868,5000,09-09-25 0:00,105848,229110,970443,11111111,970406,11263,,1020412868,5000,09-09-25 0:00,105848,229110,970443,11111111,970406,11263,0
1020412868,10000,09-09-25 0:00,94503,186242,970443,11111111,970406,10978,,1020412868,10000,09-09-25 0:00,94503,186242,970443,11111111,970406,10978,0
1020412868,10000,09-09-25 0:00,101852,286759,970443,11111111,970406,11058,,1020412868,10000,09-09-25 0:00,101852,286759,970443,11111111,970406,11058,0
1020412868,10000,09-09-25 0:00,105849,346667,970443,11111111,970406,11264,,1020412868,10000,09-09-25 0:00,105849,346667,970443,11111111,970406,11264,0
1020412868,500000,09-09-25 0:00,102814,966391,970443,11111111,970406,11096,,1020412868,500000,09-09-25 0:00,102814,966391,970443,11111111,970406,11096,0
1020412868,1000000,09-09-25 0:00,102815,957100,970443,11111111,970406,11097,,1020412868,1000000,09-09-25 0:00,102815,957100,970443,11111111,970406,11097,0
1020415137,5000,09-09-25 0:00,94238,376978,970443,11111111,970406,10947,,1020415137,5000,09-09-25 0:00,94238,376978,970443,11111111,970406,10947,0
1020415137,5000,09-09-25 0:00,94250,465992,970443,11111111,970406,10949,,1020415137,5000,09-09-25 0:00,94250,465992,970443,11111111,970406,10949,0
1020415137,5000,09-09-25 0:00,94257,75051,970443,11111111,970406,10951,,1020415137,5000,09-09-25 0:00,94257,75051,970443,11111111,970406,10951,0
1020415137,5000,09-09-25 0:00,94305,851696,970443,11111111,970406,10954,,1020415137,5000,09-09-25 0:00,94305,851696,970443,11111111,970406,10954,0
1020415137,5000,09-09-25 0:00,94758,26896,970443,11111111,970406,11019,,1020415137,5000,09-09-25 0:00,94758,26896,970443,11111111,970406,11019,0
1020415137,5000,09-09-25 0:00,94844,633117,970443,11111111,970406,11021,,1020415137,5000,09-09-25 0:00,94844,633117,970443,11111111,970406,11021,0
1020415137,5000,09-09-25 0:00,94849,636289,970443,11111111,970406,11023,,1020415137,5000,09-09-25 0:00,94849,636289,970443,11111111,970406,11023,0
1020415137,5000,09-09-25 0:00,101634,766963,970443,11111111,970406,11027,,1020415137,5000,09-09-25 0:00,101634,766963,970443,11111111,970406,11027,0
1020415137,5000,09-09-25 0:00,101645,789335,970443,11111111,970406,11029,,1020415137,5000,09-09-25 0:00,101645,789335,970443,11111111,970406,11029,0
1020415137,5000,09-09-25 0:00,101654,534740,970443,11111111,970406,11031,,1020415137,5000,09-09-25 0:00,101654,534740,970443,11111111,970406,11031,0
1020415137,5000,09-09-25 0:00,101702,674668,970443,11111111,970406,11034,,1020415137,5000,09-09-25 0:00,101702,674668,970443,11111111,970406,11034,0
1020415137,5000,09-09-25 0:00,103437,910060,970443,11111111,970406,11112,,1020415137,5000,09-09-25 0:00,103437,910060,970443,11111111,970406,11112,0
1020415137,5000,09-09-25 0:00,103445,663678,970443,11111111,970406,11114,,1020415137,5000,09-09-25 0:00,103445,663678,970443,11111111,970406,11114,0
1020415137,5000,09-09-25 0:00,103453,942972,970443,11111111,970406,11116,,1020415137,5000,09-09-25 0:00,103453,942972,970443,11111111,970406,11116,0
1020415137,5000,09-09-25 0:00,103509,446282,970443,11111111,970406,11128,,1020415137,5000,09-09-25 0:00,103509,446282,970443,11111111,970406,11128,0
1020415137,5000,09-09-25 0:00,105307,484081,970443,11111111,970406,11200,,1020415137,5000,09-09-25 0:00,105307,484081,970443,11111111,970406,11200,0
1020415137,5000,09-09-25 0:00,105315,121294,970443,11111111,970406,11202,,1020415137,5000,09-09-25 0:00,105315,121294,970443,11111111,970406,11202,0
1020415137,5000,09-09-25 0:00,105354,705487,970443,11111111,970406,11208,,1020415137,5000,09-09-25 0:00,105354,705487,970443,11111111,970406,11208,0
1020415137,5000,09-09-25 0:00,105402,42966,970443,11111111,970406,11209,,1020415137,5000,09-09-25 0:00,105402,42966,970443,11111111,970406,11209,0
1020415137,5000,09-09-25 0:00,105410,522473,970443,11111111,970406,11212,,1020415137,5000,09-09-25 0:00,105410,522473,970443,11111111,970406,11212,0
1020415137,5000,09-09-25 0:00,105426,924098,970443,11111111,970406,11223,,1020415137,5000,09-09-25 0:00,105426,924098,970443,11111111,970406,11223,0
1020415137,5000,09-09-25 0:00,105601,655385,970443,11111111,970406,11228,,1020415137,5000,09-09-25 0:00,105601,655385,970443,11111111,970406,11228,0
1020415137,5000,09-09-25 0:00,105609,804888,970443,11111111,970406,11230,,1020415137,5000,09-09-25 0:00,105609,804888,970443,11111111,970406,11230,0
1020415137,5000,09-09-25 0:00,105617,930064,970443,11111111,970406,11232,,1020415137,5000,09-09-25 0:00,105617,930064,970443,11111111,970406,11232,0
1020415137,5000,09-09-25 0:00,105625,139333,970443,11111111,970406,11233,,1020415137,5000,09-09-25 0:00,105625,139333,970443,11111111,970406,11233,0
1020415137,5000,09-09-25 0:00,105634,536385,970443,11111111,970406,11236,,1020415137,5000,09-09-25 0:00,105634,536385,970443,11111111,970406,11236,0
1020415137,5000,09-09-25 0:00,105642,461528,970443,11111111,970406,11237,,1020415137,5000,09-09-25 0:00,105642,461528,970443,11111111,970406,11237,0
1020415137,5000,09-09-25 0:00,105650,145989,970443,11111111,970406,11239,,1020415137,5000,09-09-25 0:00,105650,145989,970443,11111111,970406,11239,0
1020415137,6000,09-09-25 0:00,103446,601515,970443,11111111,970406,11115,,1020415137,6000,09-09-25 0:00,103446,601515,970443,11111111,970406,11115,0
1020415137,6000,09-09-25 0:00,103454,370753,970443,11111111,970406,11118,,1020415137,6000,09-09-25 0:00,103454,370753,970443,11111111,970406,11118,0
1020415137,6000,09-09-25 0:00,105403,576996,970443,11111111,970406,11210,,1020415137,6000,09-09-25 0:00,105403,576996,970443,11111111,970406,11210,0
1020415137,6000,09-09-25 0:00,105412,199086,970443,11111111,970406,11215,,1020415137,6000,09-09-25 0:00,105412,199086,970443,11111111,970406,11215,0
1020415137,7000,09-09-25 0:00,103445,572383,970443,11111111,970406,11113,,1020415137,7000,09-09-25 0:00,103445,572383,970443,11111111,970406,11113,0
1020415137,7000,09-09-25 0:00,103455,335874,970443,11111111,970406,11119,,1020415137,7000,09-09-25 0:00,103455,335874,970443,11111111,970406,11119,0
1020415137,7000,09-09-25 0:00,105403,714246,970443,11111111,970406,11211,,1020415137,7000,09-09-25 0:00,105403,714246,970443,11111111,970406,11211,0
1020415137,7000,09-09-25 0:00,105412,168233,970443,11111111,970406,11214,,1020415137,7000,09-09-25 0:00,105412,168233,970443,11111111,970406,11214,0
1020415137,8000,09-09-25 0:00,103457,418752,970443,11111111,970406,11123,,1020415137,8000,09-09-25 0:00,103457,418752,970443,11111111,970406,11123,0
1020415137,8000,09-09-25 0:00,105415,303432,970443,11111111,970406,11219,,1020415137,8000,09-09-25 0:00,105415,303432,970443,11111111,970406,11219,0
1020415137,9000,09-09-25 0:00,103458,219997,970443,11111111,970406,11124,,1020415137,9000,09-09-25 0:00,103458,219997,970443,11111111,970406,11124,0
1020415137,9000,09-09-25 0:00,105415,436034,970443,11111111,970406,11220,,1020415137,9000,09-09-25 0:00,105415,436034,970443,11111111,970406,11220,0
1020415137,10000,09-09-25 0:00,94240,862276,970443,11111111,970406,10948,,1020415137,10000,09-09-25 0:00,94240,862276,970443,11111111,970406,10948,0
1020415137,10000,09-09-25 0:00,94251,706310,970443,11111111,970406,10950,,1020415137,10000,09-09-25 0:00,94251,706310,970443,11111111,970406,10950,0
1020415137,10000,09-09-25 0:00,94258,735767,970443,11111111,970406,10952,,1020415137,10000,09-09-25 0:00,94258,735767,970443,11111111,970406,10952,0
1020415137,10000,09-09-25 0:00,94305,242223,970443,11111111,970406,10953,,1020415137,10000,09-09-25 0:00,94305,242223,970443,11111111,970406,10953,0
1020415137,10000,09-09-25 0:00,94759,573076,970443,11111111,970406,11020,,1020415137,10000,09-09-25 0:00,94759,573076,970443,11111111,970406,11020,0
1020415137,10000,09-09-25 0:00,94845,195072,970443,11111111,970406,11022,,1020415137,10000,09-09-25 0:00,94845,195072,970443,11111111,970406,11022,0
1020415137,10000,09-09-25 0:00,94850,331918,970443,11111111,970406,11024,,1020415137,10000,09-09-25 0:00,94850,331918,970443,11111111,970406,11024,0
1020415137,10000,09-09-25 0:00,101635,955029,970443,11111111,970406,11028,,1020415137,10000,09-09-25 0:00,101635,955029,970443,11111111,970406,11028,0
1020415137,10000,09-09-25 0:00,101646,307963,970443,11111111,970406,11030,,1020415137,10000,09-09-25 0:00,101646,307963,970443,11111111,970406,11030,0
1020415137,10000,09-09-25 0:00,101655,885911,970443,11111111,970406,11032,,1020415137,10000,09-09-25 0:00,101655,885911,970443,11111111,970406,11032,0
1020415137,10000,09-09-25 0:00,101702,3876,970443,11111111,970406,11033,,1020415137,10000,09-09-25 0:00,101702,3876,970443,11111111,970406,11033,0
1020415137,10000,09-09-25 0:00,103509,292389,970443,11111111,970406,11127,,1020415137,10000,09-09-25 0:00,103509,292389,970443,11111111,970406,11127,0
1020415137,10000,09-09-25 0:00,105308,783155,970443,11111111,970406,11201,,1020415137,10000,09-09-25 0:00,105308,783155,970443,11111111,970406,11201,0
1020415137,10000,09-09-25 0:00,105316,617265,970443,11111111,970406,11203,,1020415137,10000,09-09-25 0:00,105316,617265,970443,11111111,970406,11203,0
1020415137,10000,09-09-25 0:00,105324,303358,970443,11111111,970406,11205,,1020415137,10000,09-09-25 0:00,105324,303358,970443,11111111,970406,11205,0
1020415137,10000,09-09-25 0:00,105427,166158,970443,11111111,970406,11224,,1020415137,10000,09-09-25 0:00,105427,166158,970443,11111111,970406,11224,0
1020415137,10000,09-09-25 0:00,105601,348485,970443,11111111,970406,11227,,1020415137,10000,09-09-25 0:00,105601,348485,970443,11111111,970406,11227,0
1020415137,10000,09-09-25 0:00,105609,799534,970443,11111111,970406,11229,,1020415137,10000,09-09-25 0:00,105609,799534,970443,11111111,970406,11229,0
1020415137,10000,09-09-25 0:00,105617,494698,970443,11111111,970406,11231,,1020415137,10000,09-09-25 0:00,105617,494698,970443,11111111,970406,11231,0
1020415137,10000,09-09-25 0:00,105626,969451,970443,11111111,970406,11234,,1020415137,10000,09-09-25 0:00,105626,969451,970443,11111111,970406,11234,0
1020415137,10000,09-09-25 0:00,105634,74102,970443,11111111,970406,11235,,1020415137,10000,09-09-25 0:00,105634,74102,970443,11111111,970406,11235,0
1020415137,10000,09-09-25 0:00,105642,866967,970443,11111111,970406,11238,,1020415137,10000,09-09-25 0:00,105642,866967,970443,11111111,970406,11238,0
1020415137,10000,09-09-25 0:00,105650,476524,970443,11111111,970406,11240,,1020415137,10000,09-09-25 0:00,105650,476524,970443,11111111,970406,11240,0
1020415137,11500,09-09-25 0:00,105323,848418,970443,11111111,970406,11204,,1020415137,11500,09-09-25 0:00,105323,848418,970443,11111111,970406,11204,0
1020415137,12000,09-09-25 0:00,103455,528822,970443,11111111,970406,11120,,1020415137,12000,09-09-25 0:00,103455,528822,970443,11111111,970406,11120,0
1020415137,12000,09-09-25 0:00,103456,824627,970443,11111111,970406,11122,,1020415137,12000,09-09-25 0:00,103456,824627,970443,11111111,970406,11122,0
1020415137,12000,09-09-25 0:00,103459,930059,970443,11111111,970406,11126,,1020415137,12000,09-09-25 0:00,103459,930059,970443,11111111,970406,11126,0
1020415137,12000,09-09-25 0:00,105413,2545,970443,11111111,970406,11216,,1020415137,12000,09-09-25 0:00,105413,2545,970443,11111111,970406,11216,0
1020415137,12000,09-09-25 0:00,105413,366797,970443,11111111,970406,11217,,1020415137,12000,09-09-25 0:00,105413,366797,970443,11111111,970406,11217,0
1020415137,12000,09-09-25 0:00,105416,440461,970443,11111111,970406,11221,,1020415137,12000,09-09-25 0:00,105416,440461,970443,11111111,970406,11221,0
1020415137,13000,09-09-25 0:00,103456,567582,970443,11111111,970406,11121,,1020415137,13000,09-09-25 0:00,103456,567582,970443,11111111,970406,11121,0
1020415137,13000,09-09-25 0:00,103458,611940,970443,11111111,970406,11125,,1020415137,13000,09-09-25 0:00,103458,611940,970443,11111111,970406,11125,0
1020415137,13000,09-09-25 0:00,105414,357112,970443,11111111,970406,11218,,1020415137,13000,09-09-25 0:00,105414,357112,970443,11111111,970406,11218,0
1020415137,13000,09-09-25 0:00,105416,810386,970443,11111111,970406,11222,,1020415137,13000,09-09-25 0:00,105416,810386,970443,11111111,970406,11222,0
1020415137,14000,09-09-25 0:00,103454,54448,970443,11111111,970406,11117,,1020415137,14000,09-09-25 0:00,103454,54448,970443,11111111,970406,11117,0
1020415137,14000,09-09-25 0:00,105411,233741,970443,11111111,970406,11213,,1020415137,14000,09-09-25 0:00,105411,233741,970443,11111111,970406,11213,0
1020415137,2000000,09-09-25 0:00,94912,262705,970443,11111111,970406,11025,,1020415137,2000000,09-09-25 0:00,94912,262705,970443,11111111,970406,11025,0
1020415137,2000000,09-09-25 0:00,103423,931160,970443,11111111,970406,11111,,1020415137,2000000,09-09-25 0:00,103423,931160,970443,11111111,970406,11111,0
1020415137,2000000,09-09-25 0:00,105339,999203,970443,11111111,970406,11207,,1020415137,2000000,09-09-25 0:00,105339,999203,970443,11111111,970406,11207,0
1020415137,490000000,09-09-25 0:00,94912,752654,970443,11111111,970406,11026,,1020415137,490000000,09-09-25 0:00,94912,752654,970443,11111111,970406,11026,0
1020415137,490000000,09-09-25 0:00,103422,701884,970443,11111111,970406,11110,,1020415137,490000000,09-09-25 0:00,103422,701884,970443,11111111,970406,11110,0
1020415137,490000000,09-09-25 0:00,105339,496282,970443,11111111,970406,11206,,1020415137,490000000,09-09-25 0:00,105339,496282,970443,11111111,970406,11206,0
1024953187,5000,09-09-25 0:00,94339,833555,970443,11111111,970406,10958,,1024953187,5000,09-09-25 0:00,94339,833555,970443,11111111,970406,10958,0
1024953187,5000,09-09-25 0:00,101737,912236,970443,11111111,970406,11038,,1024953187,5000,09-09-25 0:00,101737,912236,970443,11111111,970406,11038,0
1024953187,5000,09-09-25 0:00,105727,484723,970443,11111111,970406,11243,,1024953187,5000,09-09-25 0:00,105727,484723,970443,11111111,970406,11243,0
1024953187,10000,09-09-25 0:00,94339,237235,970443,11111111,970406,10957,,1024953187,10000,09-09-25 0:00,94339,237235,970443,11111111,970406,10957,0
1024953187,10000,09-09-25 0:00,101737,23996,970443,11111111,970406,11037,,1024953187,10000,09-09-25 0:00,101737,23996,970443,11111111,970406,11037,0
1024953187,10000,09-09-25 0:00,105728,819730,970443,11111111,970406,11244,,1024953187,10000,09-09-25 0:00,105728,819730,970443,11111111,970406,11244,0
1024953284,5000,09-09-25 0:00,94401,534791,970443,11111111,970406,10963,,1024953284,5000,09-09-25 0:00,94401,534791,970443,11111111,970406,10963,0
1024953284,5000,09-09-25 0:00,101758,865990,970443,11111111,970406,11043,,1024953284,5000,09-09-25 0:00,101758,865990,970443,11111111,970406,11043,0
1024953284,5000,09-09-25 0:00,105751,660265,970443,11111111,970406,11249,,1024953284,5000,09-09-25 0:00,105751,660265,970443,11111111,970406,11249,0
1024953284,10000,09-09-25 0:00,94401,638193,970443,11111111,970406,10964,,1024953284,10000,09-09-25 0:00,94401,638193,970443,11111111,970406,10964,0
1024953284,10000,09-09-25 0:00,101759,922832,970443,11111111,970406,11044,,1024953284,10000,09-09-25 0:00,101759,922832,970443,11111111,970406,11044,0
1024953284,10000,09-09-25 0:00,105752,741355,970443,11111111,970406,11250,,1024953284,10000,09-09-25 0:00,105752,741355,970443,11111111,970406,11250,0
1024953297,5000,09-09-25 0:00,94453,106169,970443,11111111,970406,10975,,1024953297,5000,09-09-25 0:00,94453,106169,970443,11111111,970406,10975,0
1024953297,5000,09-09-25 0:00,101844,100486,970443,11111111,970406,11055,,1024953297,5000,09-09-25 0:00,101844,100486,970443,11111111,970406,11055,0
1024953297,5000,09-09-25 0:00,105840,473887,970443,11111111,970406,11261,,1024953297,5000,09-09-25 0:00,105840,473887,970443,11111111,970406,11261,0
1024953297,10000,09-09-25 0:00,94454,956906,970443,11111111,970406,10976,,1024953297,10000,09-09-25 0:00,94454,956906,970443,11111111,970406,10976,0
1024953297,10000,09-09-25 0:00,101844,360452,970443,11111111,970406,11056,,1024953297,10000,09-09-25 0:00,101844,360452,970443,11111111,970406,11056,0
1024953297,10000,09-09-25 0:00,105840,828483,970443,11111111,970406,11262,,1024953297,10000,09-09-25 0:00,105840,828483,970443,11111111,970406,11262,0
1024953297,500000,09-09-25 0:00,102805,330631,970443,11111111,970406,11094,,1024953297,500000,09-09-25 0:00,102805,330631,970443,11111111,970406,11094,0
1024953297,1000000,09-09-25 0:00,102806,217074,970443,11111111,970406,11095,,1024953297,1000000,09-09-25 0:00,102806,217074,970443,11111111,970406,11095,0
1024953307,5000,09-09-25 0:00,94517,380702,970443,11111111,970406,10981,,1024953307,5000,09-09-25 0:00,94517,380702,970443,11111111,970406,10981,0
1024953307,5000,09-09-25 0:00,101906,199162,970443,11111111,970406,11061,,1024953307,5000,09-09-25 0:00,101906,199162,970443,11111111,970406,11061,0
1024953307,5000,09-09-25 0:00,105904,152861,970443,11111111,970406,11267,,1024953307,5000,09-09-25 0:00,105904,152861,970443,11111111,970406,11267,0
1024953307,10000,09-09-25 0:00,94518,846472,970443,11111111,970406,10982,,1024953307,10000,09-09-25 0:00,94518,846472,970443,11111111,970406,10982,0
1024953307,10000,09-09-25 0:00,101907,494270,970443,11111111,970406,11062,,1024953307,10000,09-09-25 0:00,101907,494270,970443,11111111,970406,11062,0
1024953307,10000,09-09-25 0:00,105905,158439,970443,11111111,970406,11268,,1024953307,10000,09-09-25 0:00,105905,158439,970443,11111111,970406,11268,0
1024953307,500000,09-09-25 0:00,102830,943621,970443,11111111,970406,11100,,1024953307,500000,09-09-25 0:00,102830,943621,970443,11111111,970406,11100,0
1024953307,1000000,09-09-25 0:00,102831,123869,970443,11111111,970406,11101,,1024953307,1000000,09-09-25 0:00,102831,123869,970443,11111111,970406,11101,0
1024953310,5000,09-09-25 0:00,94524,185444,970443,11111111,970406,10983,,1024953310,5000,09-09-25 0:00,94524,185444,970443,11111111,970406,10983,0
1024953310,5000,09-09-25 0:00,101913,545602,970443,11111111,970406,11063,,1024953310,5000,09-09-25 0:00,101913,545602,970443,11111111,970406,11063,0
1024953310,5000,09-09-25 0:00,105912,427438,970443,11111111,970406,11269,,1024953310,5000,09-09-25 0:00,105912,427438,970443,11111111,970406,11269,0
1024953310,10000,09-09-25 0:00,94525,939847,970443,11111111,970406,10984,,1024953310,10000,09-09-25 0:00,94525,939847,970443,11111111,970406,10984,0
1024953310,10000,09-09-25 0:00,101914,299678,970443,11111111,970406,11064,,1024953310,10000,09-09-25 0:00,101914,299678,970443,11111111,970406,11064,0
1024953310,10000,09-09-25 0:00,105913,775883,970443,11111111,970406,11270,,1024953310,10000,09-09-25 0:00,105913,775883,970443,11111111,970406,11270,0
1024953310,500000,09-09-25 0:00,102839,796033,970443,11111111,970406,11103,,1024953310,500000,09-09-25 0:00,102839,796033,970443,11111111,970406,11103,0
1024953310,1000000,09-09-25 0:00,102839,3686,970443,11111111,970406,11102,,1024953310,1000000,09-09-25 0:00,102839,3686,970443,11111111,970406,11102,0
1024953323,5000,09-09-25 0:00,94641,261727,970443,11111111,970406,11003,,1024953323,5000,09-09-25 0:00,94641,261727,970443,11111111,970406,11003,0
1024953323,5000,09-09-25 0:00,102030,114248,970443,11111111,970406,11083,,1024953323,5000,09-09-25 0:00,102030,114248,970443,11111111,970406,11083,0
1024953323,10000,09-09-25 0:00,94642,601249,970443,11111111,970406,11004,,1024953323,10000,09-09-25 0:00,94642,601249,970443,11111111,970406,11004,0
1024953323,10000,09-09-25 0:00,102031,302164,970443,11111111,970406,11084,,1024953323,10000,09-09-25 0:00,102031,302164,970443,11111111,970406,11084,0
1024953323,500000,09-09-25 0:00,104122,498236,970443,11111111,970406,11135,,1024953323,500000,09-09-25 0:00,104122,498236,970443,11111111,970406,11135,0
1024953323,1000000,09-09-25 0:00,104123,238777,970443,11111111,970406,11136,,1024953323,1000000,09-09-25 0:00,104123,238777,970443,11111111,970406,11136,0
1024953336,5000,09-09-25 0:00,94719,143287,970443,11111111,970406,11013,,1024953336,5000,09-09-25 0:00,94719,143287,970443,11111111,970406,11013,0
1024953336,10000,09-09-25 0:00,94720,344414,970443,11111111,970406,11014,,1024953336,10000,09-09-25 0:00,94720,344414,970443,11111111,970406,11014,0
1024953336,500000,09-09-25 0:00,104205,379688,970443,11111111,970406,11146,,1024953336,500000,09-09-25 0:00,104205,379688,970443,11111111,970406,11146,0
1024953336,1000000,09-09-25 0:00,104205,255827,970443,11111111,970406,11145,,1024953336,1000000,09-09-25 0:00,104205,255827,970443,11111111,970406,11145,0
1024953349,5000,09-09-25 0:00,94735,175564,970443,11111111,970406,11017,,1024953349,5000,09-09-25 0:00,94735,175564,970443,11111111,970406,11017,0
1024953349,10000,09-09-25 0:00,94735,703942,970443,11111111,970406,11018,,1024953349,10000,09-09-25 0:00,94735,703942,970443,11111111,970406,11018,0
1024954241,5000,09-09-25 0:00,94321,354995,970443,11111111,970406,10955,,1024954241,5000,09-09-25 0:00,94321,354995,970443,11111111,970406,10955,0
1024954241,5000,09-09-25 0:00,101718,776651,970443,11111111,970406,11036,,1024954241,5000,09-09-25 0:00,101718,776651,970443,11111111,970406,11036,0
1024954241,5000,09-09-25 0:00,105707,980731,970443,11111111,970406,11241,,1024954241,5000,09-09-25 0:00,105707,980731,970443,11111111,970406,11241,0
1024954241,10000,09-09-25 0:00,94321,573389,970443,11111111,970406,10956,,1024954241,10000,09-09-25 0:00,94321,573389,970443,11111111,970406,10956,0
1024954241,10000,09-09-25 0:00,101718,285578,970443,11111111,970406,11035,,1024954241,10000,09-09-25 0:00,101718,285578,970443,11111111,970406,11035,0
1024954241,10000,09-09-25 0:00,105708,504516,970443,11111111,970406,11242,,1024954241,10000,09-09-25 0:00,105708,504516,970443,11111111,970406,11242,0
3.71E+13,466464,09-09-25 0:00,70013,953804,970448,1,963311,216,,3.71E+13,466464,09-09-25 0:00,70013,953804,970448,1,963311,216,0
1.101E+14,33333,09-09-25 0:00,70026,429203,970448,1,970406,218,,1.101E+14,33333,09-09-25 0:00,70026,429203,970448,1,970406,218,0
1.101E+14,44444,09-09-25 0:00,70023,429202,970448,1,970406,217,,1.101E+14,44444,09-09-25 0:00,70023,429202,970448,1,970406,217,0
1.171E+14,200000,09-09-25 0:00,92035,429215,970448,1,970406,222,,1.171E+14,200000,09-09-25 0:00,92035,429215,970448,1,970406,222,0
1.171E+14,500000,09-09-25 0:00,91532,429210,970448,1,970406,221,,1.171E+14,500000,09-09-25 0:00,91532,429210,970448,1,970406,221,0
5678996,33333,09-09-25 0:00,70032,429204,970448,1,970406,219,,5678996,33333,09-09-25 0:00,70032,429204,970448,1,970406,219,0
5678996,33333,09-09-25 0:00,70042,429205,970448,1,970406,220,,5678996,33333,09-09-25 0:00,70042,429205,970448,1,970406,220,0
5678996,44444,09-09-25 0:00,70010,429201,970448,1,970406,215,,5678996,44444,09-09-25 0:00,70010,429201,970448,1,970406,215,0
5678996,500000,09-09-25 0:00,94054,429242,970448,1,970406,223,,5678996,500000,09-09-25 0:00,94054,429242,970448,1,970406,223,0
5678996,20000000,09-09-25 0:00,102852,429255,970448,1,970406,224,,5678996,20000000,09-09-25 0:00,102852,429255,970448,1,970406,224,0
1023701257,3000,09-09-25 0:00,114527,139318,970458,2450000,970406,120,,1023701257,3000,09-09-25 0:00,114527,139318,970458,2450000,970406,120,0
8700026912,10000,09-09-25 0:00,104804,2,970466,0087GTW1,970436,1,,8700026912,10000,09-09-25 0:00,104804,2,970466,0087GTW1,970436,1,0
43098,6002,09-09-25 0:00,90021,324447,970468,11111111,970406,397,,43098,6002,09-09-25 0:00,90021,324447,970468,11111111,970406,397,0
5812626799,498890220,09-09-25 0:00,85437,392448,970488,990,970406,527,,5812626799,498890220,09-09-25 0:00,85437,392448,970488,990,970406,527,0
5812626799,498890220,09-09-25 0:00,101206,392458,970488,990,970406,529,,5812626799,498890220,09-09-25 0:00,101206,392458,970488,990,970406,529,0
5812626799,498890220,09-09-25 0:00,101209,392460,970488,990,970406,530,,5812626799,498890220,09-09-25 0:00,101209,392460,970488,990,970406,530,0
8600006868,20000,08-09-25 0:00,232502,392444,970488,990,970406,524,,8600006868,20000,08-09-25 0:00,232502,392444,970488,990,970406,524,0
8600006868,20000,08-09-25 0:00,233406,392445,970488,990,970406,525,,8600006868,20000,08-09-25 0:00,233406,392445,970488,990,970406,525,0
8600006868,50000,09-09-25 0:00,105138,392463,970488,990,970406,531,,8600006868,50000,09-09-25 0:00,105138,392463,970488,990,970406,531,0
8834723424,50000,09-09-25 0:00,95409,391471,970488,38222345,970406,528,,8834723424,50000,09-09-25 0:00,95409,391471,970488,38222345,970406,528,0
8837496777,6500,09-09-25 0:00,85355,391470,970488,35518242,970415,526,,8837496777,6500,09-09-25 0:00,85355,391470,970488,35518242,970415,526,0
421366519,30000,09-09-25 0:00,105602,384430,981957,1103,970406,520,,421366519,30000,09-09-25 0:00,105602,384430,981957,1103,970406,520,0
422489606,300000,09-09-25 0:00,93510,986766,981957,1103,970406,519,,422489606,300000,09-09-25 0:00,93510,986766,981957,1103,970406,519,0
